book_id,author_id,number,recall_date
6,12,5,2015-06-06
96,34,4,2066-04-22
95,16,3,2045-02-09
80,73,4,2073-06-14
24,13,7,2081-11-21
18,46,6,2079-06-30
83,34,7,2049-04-21
38,39,2,2044-03-26
84,68,8,2046-05-01
48,26,4,2068-11-06
12,66,5,2070-10-14
81,64,10,2077-01-19
56,92,7,2063-04-20
68,14,6,2056-08-30
9,10,5,2051-09-22
41,71,5,2072-09-25
76,0,10,2095-10-11
26,11,5,2014-11-13
26,88,6,2015-02-25
30,66,3,2011-12-10
81,41,8,2070-01-24
24,27,5,2095-11-18
22,22,4,2019-06-01
60,83,2,2078-10-18
27,7,7,2024-10-02
57,7,5,2030-04-29
93,70,9,2086-09-15
43,59,3,2055-10-25
22,16,6,2075-12-04
44,71,5,2079-02-19
37,90,3,2048-12-04
74,18,4,2008-02-09
36,57,2,2019-06-25
44,40,7,2012-06-07
39,21,3,2083-05-16
69,72,2,2050-04-12
20,18,2,2084-05-18
23,89,5,2080-09-08
38,28,5,2061-07-31
61,87,5,2048-03-02
77,1,5,2001-02-02
78,53,7,2080-12-22
6,60,5,2013-10-22
97,58,6,2060-04-15
78,69,6,2010-11-03
1,73,4,2002-07-15
37,11,4,2005-02-26
35,97,6,2020-10-21
35,85,8,2088-09-29
38,15,4,2078-06-29
2,0,3,2091-08-04
0,21,3,2010-10-16
75,6,5,2043-06-30
80,97,5,2088-03-10
90,20,0,2000-04-21
35,97,3,2067-06-16
98,51,8,2069-12-11
69,81,6,2037-11-20
54,72,3,2025-04-02
12,64,5,2050-04-11
18,3,11,2026-01-29
98,78,4,2013-07-27
4,65,1,2092-09-25
85,40,5,2064-03-13
90,8,6,2084-09-25
47,1,5,2036-07-23
39,9,4,2005-09-24
35,63,2,2032-08-13
44,24,5,2020-08-19
83,24,9,2091-09-04
60,86,0,2060-04-02
82,32,2,2078-01-12
6,26,8,2064-06-17
25,48,4,2018-09-15
86,5,8,2043-12-26
43,56,4,2093-12-23
94,5,7,2068-11-30
30,13,8,2089-06-05
6,70,3,2085-01-26
86,26,3,2011-05-11
47,86,5,2074-06-01
94,51,5,2034-12-23
94,66,7,2003-11-24
13,3,4,2054-07-08
32,80,7,2090-10-14
88,60,5,2099-09-22
13,3,7,2032-12-09
41,28,6,2087-07-27
25,75,5,2072-11-24
99,57,7,2043-02-15
64,75,4,2042-06-01
24,88,6,2055-08-07
82,45,5,2042-11-29
83,27,5,2037-09-01
25,86,4,2035-08-27
68,42,2,2049-08-12
20,19,7,2066-03-17
87,94,3,2076-03-03
87,60,8,2001-08-04
34,75,3,2021-04-16
73,77,5,2073-06-03
91,10,3,2048-07-16
93,39,5,2015-11-04
5,58,7,2053-06-13
69,41,6,2091-12-13
60,16,3,2041-06-21
63,55,4,2004-01-06
89,74,3,2032-11-17
18,79,3,2025-10-28
12,3,3,2079-12-13
49,20,3,2069-09-03
36,16,5,2057-03-15
47,73,7,2006-03-21
55,64,5,2021-04-28
88,41,2,2067-05-06
86,50,5,2035-02-16
35,53,8,2048-02-22
51,62,4,2073-06-13
58,58,3,2024-09-26
22,59,3,2047-03-09
47,47,2,2023-10-09
17,46,2,2091-01-02
14,11,4,2028-06-11
66,85,2,2024-05-10
82,14,9,2043-05-05
71,92,6,2083-01-05
76,0,6,2071-12-21
43,51,4,2085-05-09
24,33,7,2039-09-18
97,65,6,2095-08-11
36,88,5,2016-01-02
67,18,5,2004-02-22
45,63,4,2028-08-27
58,48,6,2087-11-24
99,18,4,2002-01-15
36,31,9,2036-04-02
86,70,9,2078-09-17
88,57,5,2055-12-01
54,65,6,2074-03-06
40,47,4,2074-04-21
49,41,3,2020-01-19
21,55,4,2072-02-14
93,85,13,2073-12-18
6,15,7,2060-12-23
77,58,1,2055-09-27
96,81,11,2093-06-23
84,10,8,2050-06-27
54,7,4,2042-07-19
44,18,7,2001-05-03
70,31,4,2083-02-25
79,40,5,2018-09-23
20,94,6,2047-07-19
45,4,1,2054-05-15
4,45,3,2045-03-21
30,11,5,2097-05-16
99,40,5,2032-10-30
11,10,8,2050-08-13
16,94,4,2083-12-26
37,76,7,2054-05-08
4,83,5,2086-09-27
15,6,3,2019-09-09
41,37,8,2066-02-24
35,97,6,2006-12-22
72,83,5,2051-09-14
61,64,2,2047-08-11
69,23,4,2033-07-05
42,85,3,2018-08-24
65,77,7,2096-02-12
10,43,5,2027-08-27
70,97,11,2037-01-11
4,97,7,2080-09-13
2,1,4,2082-10-03
83,78,10,2023-02-17
79,59,4,2023-08-08
92,9,7,2003-07-30
40,97,6,2049-03-28
31,94,7,2027-02-03
94,28,8,2009-11-29
39,25,7,2063-01-19
44,4,5,2061-03-07
19,39,6,2069-05-05
78,59,6,2092-03-15
11,47,3,2089-08-19
26,65,4,2086-07-22
67,76,5,2083-12-04
62,80,12,2045-11-25
20,3,3,2032-09-14
32,53,5,2021-09-23
49,88,4,2024-12-22
49,32,4,2006-12-20
81,89,8,2074-01-18
31,16,4,2003-05-27
28,45,5,2053-12-06
60,50,5,2078-10-04
46,74,4,2045-03-09
92,68,4,2032-04-29
33,59,4,2028-03-25
55,14,6,2003-07-13
2,68,3,2067-08-12
43,91,1,2091-05-24
88,42,4,2074-10-04
64,53,5,2082-12-14
38,31,5,2052-08-04
14,63,6,2008-06-23
80,10,3,2029-08-24
89,73,4,2079-03-22
40,77,5,2065-06-13
74,78,7,2033-07-24
80,70,3,2013-04-16
68,82,4,2087-04-23
42,90,4,2091-06-30
54,7,8,2032-06-15
85,95,5,2002-11-14
12,12,6,2038-07-16
99,73,5,2094-12-01
61,6,8,2091-11-13
29,66,5,2092-11-04
12,58,7,2073-06-05
71,96,3,2047-07-08
52,76,4,2004-05-09
58,98,4,2075-01-05
39,37,8,2065-08-05
10,51,4,2053-05-08
91,22,5,2070-04-12
3,29,8,2031-06-24
61,94,6,2078-09-06
18,4,5,2095-11-28
40,97,6,2053-11-19
83,96,5,2043-02-14
9,4,7,2095-02-23
67,53,7,2031-03-03
51,99,10,2026-04-28
33,86,4,2013-07-31
5,77,5,2010-07-10
39,76,5,2038-06-20
7,1,9,2058-12-13
58,84,6,2012-01-21
93,95,5,2086-03-20
27,21,5,2068-02-26
36,98,5,2028-09-05
50,41,8,2073-08-13
55,38,5,2046-11-20
86,63,5,2059-10-23
78,52,6,2006-05-19
26,88,7,2014-07-17
15,19,7,2019-08-07
8,30,3,2019-07-12
59,95,6,2013-05-01
67,5,1,2041-02-22
53,79,6,2001-04-25
40,93,6,2082-10-06
75,44,9,2037-04-11
17,53,4,2045-07-22
23,34,5,2029-08-07
59,85,2,2032-07-03
48,31,7,2027-01-18
60,92,7,2089-08-18
28,4,5,2085-11-20
22,32,6,2051-07-20
46,3,6,2012-04-08
14,12,5,2030-12-10
29,53,2,2023-05-11
12,68,6,2098-01-23
8,47,9,2014-09-23
55,27,7,2075-09-12
34,3,5,2057-02-03
55,83,5,2098-09-29
87,1,4,2026-07-06
72,40,6,2009-06-23
17,22,4,2000-11-01
84,31,6,2062-01-15
76,60,4,2080-10-12
1,34,3,2098-05-21
94,82,3,2043-02-23
70,12,7,2082-09-16
18,86,4,2038-09-10
2,96,4,2080-01-26
67,75,2,2066-01-17
40,38,1,2083-05-12
82,62,9,2006-05-06
70,81,5,2007-07-26
52,24,7,2076-02-19
55,96,7,2096-09-09
96,79,8,2022-06-22
69,44,5,2079-05-01
37,29,6,2008-06-10
73,52,1,2022-09-02
85,86,2,2093-10-11
18,4,7,2013-09-07
61,5,8,2017-12-14
9,77,7,2045-07-04
46,93,2,2016-09-03
26,18,8,2096-02-29
38,32,5,2056-10-18
42,50,4,2018-08-10
66,1,3,2020-03-08
59,4,4,2040-03-02
37,41,7,2010-05-27
78,81,2,2066-11-08
69,18,5,2014-03-31
74,80,6,2071-06-05
55,87,7,2006-12-15
21,68,2,2066-02-25
62,20,3,2087-08-21
43,33,3,2089-09-19
90,85,5,2096-03-28
34,55,5,2003-07-30
37,43,7,2033-08-22
21,98,3,2041-10-08
52,22,4,2069-11-12
96,77,6,2014-11-15
11,69,4,2075-02-08
76,1,6,2037-07-01
72,5,7,2010-11-21
29,91,5,2080-05-11
76,26,2,2046-08-01
59,5,3,2012-10-12
18,85,7,2032-05-27
67,33,2,2008-12-24
99,73,3,2026-08-10
93,33,7,2033-04-03
43,15,6,2079-05-22
90,20,7,2047-02-15
94,77,5,2002-03-15
6,5,4,2056-08-15
66,46,5,2070-07-02
26,52,6,2034-01-05
15,5,2,2021-05-15
74,60,5,2093-12-28
52,31,9,2097-03-29
6,57,5,2000-09-05
65,87,4,2051-05-16
66,69,3,2054-01-13
83,47,8,2057-05-07
58,66,1,2069-02-13
38,45,9,2061-09-10
60,48,2,2056-02-11
49,34,3,2052-01-30
4,93,5,2094-10-07
45,66,6,2066-07-25
67,11,5,2070-11-23
95,72,3,2003-09-18
38,69,7,2053-02-10
75,42,6,2019-04-07
38,64,5,2053-03-01
77,53,6,2064-11-08
52,25,2,2002-08-05
37,31,7,2058-11-03
17,61,8,2099-08-14
58,39,5,2005-01-07
74,95,2,2064-07-08
5,5,6,2003-06-17
5,98,2,2087-10-18
1,77,6,2062-04-25
3,60,3,2029-08-08
87,95,6,2056-12-04
34,32,9,1999-08-13
54,30,2,2076-03-02
46,82,6,2076-09-02
34,45,4,2015-12-29
72,1,5,2056-07-08
65,32,6,2026-03-10
75,2,8,2070-06-02
32,30,2,2081-03-14
22,25,6,2077-10-08
11,78,7,2035-10-14
93,13,3,2031-01-04
52,12,1,2091-04-29
15,35,4,2037-05-30
74,87,1,2053-02-12
77,68,7,2047-08-12
38,3,6,2026-03-12
98,63,5,2018-10-17
58,26,5,2043-07-18
10,9,6,2050-07-26
72,5,6,2038-09-30
1,76,4,2022-03-25
35,59,6,2042-07-14
49,6,1,2038-01-10
71,21,4,2055-02-28
76,98,3,2044-08-14
62,37,4,2057-08-19
34,92,3,2050-03-09
92,87,4,2027-12-30
27,52,8,2089-11-29
42,11,5,2059-01-21
18,72,9,2006-06-02
99,17,7,2091-10-25
74,61,7,2013-10-01
18,43,3,2077-04-08
85,82,6,2089-10-06
6,19,3,2008-02-15
54,3,1,2052-10-16
78,42,8,2057-10-31
38,25,5,2076-07-21
91,28,4,2003-06-16
17,43,6,2030-12-08
10,26,7,2018-11-19
43,73,7,2052-06-27
15,91,3,2031-02-12
11,19,8,2053-09-14
84,65,5,2017-07-28
58,65,5,2068-01-03
40,68,3,2098-03-20
36,16,3,2043-02-01
30,91,7,2066-10-23
93,61,6,2093-04-22
93,5,7,2059-03-22
65,36,5,2022-03-17
96,52,1,2077-07-09
62,10,3,2088-08-28
81,39,6,2069-12-27
77,27,4,2075-12-11
32,67,7,2004-01-29
21,22,3,2061-09-13
75,96,6,2056-04-15
91,68,9,2056-01-31
31,60,6,2045-07-07
91,81,5,2012-08-30
8,66,6,2027-02-05
15,75,4,2062-02-13
58,20,7,2078-01-15
71,36,11,2071-04-15
67,66,9,2053-04-01
42,83,3,2048-09-25
16,64,7,2089-12-15
16,56,2,2058-05-21
85,11,4,2003-02-18
81,49,4,2012-04-22
33,32,5,2071-05-26
56,69,3,2080-02-18
77,69,10,2093-02-26
68,97,8,2025-07-20
16,52,4,2009-08-12
11,60,3,2098-10-10
36,96,3,2078-02-28
20,22,6,2074-04-09
97,51,1,2079-07-30
1,62,5,2027-01-10
89,10,5,2043-12-16
29,97,9,2028-03-13
75,24,7,2019-12-31
8,28,4,2046-01-10
19,14,4,2031-12-01
59,65,4,2093-07-28
39,85,7,2041-01-31
33,40,7,2078-11-13
72,86,2,2011-10-04
92,51,10,2041-01-30
23,93,7,2055-10-14
62,97,1,2011-05-24
61,13,5,2077-03-20
89,2,8,2046-08-15
16,12,8,2020-08-24
80,4,8,2035-07-24
78,89,8,2025-04-08
44,6,1,2059-03-01
87,62,6,2033-05-15
94,34,3,2041-03-30
67,3,6,2039-03-05
83,32,7,2041-04-19
82,0,3,2009-06-30
82,6,8,2020-06-21
33,36,2,2057-06-21
93,45,9,2027-02-10
83,93,4,2012-03-05
26,83,4,2062-05-14
51,97,5,2060-08-04
71,47,5,2093-06-03
9,98,4,2011-09-13
2,34,6,2021-07-10
63,34,8,2078-04-03
81,27,7,2067-04-24
50,69,2,2080-09-11
16,97,5,2034-10-29
88,18,3,2022-04-11
51,43,2,2054-02-22
96,97,2,2091-04-05
89,53,8,2017-12-16
35,97,5,2046-03-03
1,46,6,2001-08-18
59,88,8,2069-06-29
62,89,4,2000-10-11
13,0,6,2067-08-10
25,3,6,2039-02-24
79,49,6,2044-12-12
24,46,6,2082-04-10
65,43,4,2076-11-16
47,82,2,2044-07-07
59,44,3,2046-01-07
69,15,9,2043-11-03
40,3,4,2069-10-28
53,80,7,2036-02-17
40,22,2,2099-01-11
55,89,6,2023-12-23
61,91,4,2056-07-27
25,37,6,2010-02-10
10,75,7,2003-01-18
11,84,10,2075-02-13
94,36,5,2003-04-24
24,81,9,2003-07-19
46,20,2,2024-12-17
92,85,4,2013-03-23
57,22,6,2084-04-14
43,10,6,2067-09-20
86,77,5,2006-06-21
63,39,9,2093-02-22
60,85,4,2053-12-16
43,65,6,2049-09-02
63,23,5,2039-10-19
47,39,3,2079-08-11
10,25,8,2034-05-02
5,59,4,2037-12-22
6,12,7,2033-01-30
87,88,1,2060-03-02
81,66,5,2084-07-31
71,74,2,2052-12-16
31,52,6,2002-04-07
31,33,3,2096-05-19
74,91,2,2031-09-02
96,34,4,2016-07-04
89,58,4,2087-11-18
20,5,8,2087-05-09
84,29,6,2086-08-13
32,16,2,2008-01-06
64,85,3,2087-05-04
87,20,6,2079-09-17
22,63,10,2021-08-07
25,89,4,2038-11-29
24,46,5,2042-07-07
34,93,6,2038-10-20
86,70,5,2035-08-15
32,21,8,2095-01-23
39,82,7,2025-08-01
48,13,5,2086-11-08
58,48,2,2004-06-11
52,76,10,2064-09-03
82,78,2,2034-01-26
16,61,3,2009-02-08
22,40,3,2077-08-10
64,21,9,2029-02-18
27,19,2,2036-03-23
51,27,7,2093-09-29
97,32,7,2044-01-09
85,43,6,2043-11-28
28,63,8,2048-01-05
73,66,2,2063-07-05
47,6,6,2061-02-20
1,57,8,2085-11-19
84,58,6,2045-01-06
54,50,1,2011-11-15
41,32,4,2022-05-25
71,75,2,2021-03-05
81,79,5,2048-03-16
47,27,5,2065-05-29
92,20,8,2016-05-22
82,62,5,2011-05-04
11,11,6,2080-03-30
25,57,2,2032-11-28
7,83,3,2050-02-13
97,61,4,2068-08-12
72,2,5,2056-12-24
2,26,5,2064-09-25
78,38,5,2024-06-26
6,72,7,2077-07-10
83,19,10,2027-07-12
20,19,3,2059-09-17
41,43,4,2091-12-10
13,56,5,2086-07-26
34,21,5,2017-09-03
54,99,10,2073-01-11
33,97,4,2010-07-03
39,98,8,2060-12-27
14,52,6,2037-07-02
12,70,7,2070-06-23
3,71,6,2039-08-15
7,39,4,2070-03-22
50,95,10,2022-05-16
38,22,6,2032-03-15
79,71,5,2091-05-21
57,65,4,2019-08-01
80,54,12,2020-07-26
74,40,6,2048-07-09
93,44,3,2091-11-28
77,60,5,2031-04-23
81,7,4,2090-04-25
33,54,4,2031-11-13
24,99,7,2000-07-01
70,95,2,2010-01-17
30,74,4,2011-03-12
64,54,1,2049-08-02
84,89,3,2065-07-01
11,37,5,2048-03-17
82,46,4,2052-03-21
29,89,8,2054-10-01
51,96,9,2048-11-22
4,85,5,2058-04-19
37,26,3,2090-08-23
66,17,5,2044-02-26
10,93,8,2059-03-14
40,7,5,2072-03-08
15,10,6,2007-01-27
86,45,6,2086-10-28
48,44,3,2061-12-20
83,27,1,2007-10-30
73,76,7,2077-07-15
5,99,7,2091-04-28
75,99,7,2003-12-15
49,6,6,2087-06-04
49,15,5,2098-08-22
6,1,4,2049-11-28
52,93,6,2012-06-15
14,1,6,2044-08-04
65,25,5,2056-11-09
27,74,7,2091-01-13
78,67,4,2085-03-12
16,20,10,2066-01-05
94,48,2,2075-09-11
69,86,5,2018-07-15
69,95,5,2012-10-22
95,12,5,2012-03-17
60,87,3,2008-09-12
7,54,5,2045-05-18
82,29,5,2032-10-30
5,23,2,2004-06-01
62,11,4,2047-11-08
25,27,5,2080-07-11
26,40,3,2073-02-27
69,73,9,2035-11-29
16,29,7,2086-09-25
11,42,6,2051-10-24
8,62,2,2092-11-20
17,86,7,2055-01-13
4,99,6,2078-11-26
92,30,2,2073-10-06
35,25,5,2046-06-17
62,37,6,2001-12-27
54,62,2,2027-12-28
76,73,6,2081-10-13
73,50,5,2097-01-11
83,40,4,2002-09-13
97,32,4,2074-01-10
91,78,5,2068-11-01
1,16,3,2029-08-09
21,36,6,2092-06-06
95,3,6,2039-07-26
96,99,4,2045-04-27
60,38,5,2030-08-19
36,66,7,2058-11-12
73,35,3,2011-08-02
6,18,3,2027-02-12
37,57,6,2082-06-29
80,80,7,2078-10-27
46,50,4,2026-07-17
87,15,6,2077-10-06
36,3,4,2027-09-10
28,67,9,2040-03-26
39,71,2,2036-04-10
82,87,6,2032-01-28
82,2,8,2065-04-09
91,91,12,2010-01-25
47,14,7,2084-12-23
63,69,1,2036-05-17
20,59,4,2064-11-04
70,59,4,1999-07-13
76,8,6,2007-10-23
23,9,4,2065-08-25
53,95,6,2021-07-09
48,42,6,2000-12-19
5,35,6,2021-06-09
14,60,4,2037-10-10
84,36,4,2013-08-31
16,23,5,2078-05-24
13,96,3,2017-08-11
32,60,2,2095-05-01
5,78,3,2022-02-04
28,46,5,2020-09-13
79,71,8,2032-03-24
3,40,6,2041-01-10
88,88,5,2002-08-28
26,63,9,2033-12-07
63,0,3,2002-01-31
77,19,8,2017-12-05
18,76,10,2068-07-10
25,86,4,2044-06-06
62,44,5,2027-03-31
27,46,7,2039-10-03
97,13,10,2011-01-13
18,89,10,2038-06-17
56,61,3,2080-08-11
92,46,9,2005-07-03
44,85,4,2084-05-09
2,10,5,2032-02-15
65,5,8,2029-02-04
91,26,1,2094-08-10
32,95,1,2074-02-27
9,79,8,2006-03-20
24,16,7,2083-07-05
68,11,2,2094-03-16
53,63,4,2040-09-14
38,30,6,2011-08-19
89,92,5,2090-12-05
5,70,7,2016-08-26
73,44,5,2057-03-21
79,48,11,2087-01-05
92,83,5,2065-02-19
23,37,4,2062-09-15
78,13,8,2008-01-25
37,48,5,2085-09-23
37,12,7,2007-02-14
37,93,7,2000-09-07
74,42,6,2083-05-27
79,14,5,2089-06-11
90,5,1,2080-11-25
56,62,3,2016-10-27
96,18,5,2044-08-14
79,8,4,2036-07-02
65,52,5,2045-03-23
13,78,6,2019-09-10
0,53,8,2006-01-10
34,21,4,2007-02-02
81,99,3,2035-02-24
52,76,5,2049-02-22
81,15,7,2030-11-23
19,13,4,2021-12-15
77,48,3,2099-11-03
83,97,6,2072-01-20
9,32,8,2047-06-13
83,62,8,2004-11-13
72,2,8,2020-02-28
54,79,2,2067-03-24
22,36,3,2017-01-06
68,18,2,2055-11-21
14,21,5,2057-07-21
71,53,4,2068-02-29
29,75,7,2082-07-02
81,25,7,2032-01-16
9,57,1,2054-10-26
75,39,5,2065-05-27
60,41,3,2060-05-04
33,55,5,2092-02-04
7,22,7,2091-04-23
99,89,4,2058-09-03
10,10,8,2064-07-13
69,37,3,2052-06-26
25,7,6,2021-09-20
79,0,3,2097-12-04
97,24,6,2095-01-27
86,5,3,2065-09-16
91,18,4,2031-08-02
29,8,4,2077-10-10
67,59,2,2057-03-26
59,32,3,2088-06-23
82,57,6,2040-04-07
51,88,5,2097-01-20
39,48,6,2059-04-16
9,7,5,2086-12-19
80,74,6,2051-10-21
46,71,7,2059-05-25
46,17,6,2080-10-09
21,44,3,2007-11-22
91,81,8,2078-11-28
22,39,6,2011-01-31
54,86,5,2016-10-11
15,25,8,2057-11-24
64,51,4,2047-03-02
2,84,8,2084-02-20
27,94,6,2037-03-14
3,24,5,2038-04-16
98,80,11,2068-04-09
52,24,4,2059-07-29
4,43,3,2022-10-05
94,5,3,2055-01-19
25,75,1,2039-06-07
45,47,3,2095-07-13
66,13,4,2027-06-04
45,34,6,2049-06-18
22,8,8,2076-02-27
9,41,4,2064-07-22
34,88,7,2029-09-19
46,11,5,2002-05-01
46,16,5,2049-07-10
87,95,1,2048-08-12
59,59,4,2071-03-01
40,82,2,2032-11-08
59,63,11,2040-01-29
39,82,6,2048-03-27
60,56,5,2016-07-02
61,88,2,2041-12-13
90,90,5,2005-01-02
11,20,7,2038-03-23
12,18,1,2078-04-16
10,64,2,2049-06-26
39,92,3,2045-05-04
67,25,3,2000-03-20
20,75,7,2025-03-01
53,71,2,2015-10-07
21,24,3,2094-11-21
44,26,7,2078-04-05
6,57,6,2031-01-13
54,79,5,2000-12-30
93,72,4,2089-02-07
69,63,4,2070-08-27
65,37,3,2090-06-01
16,17,7,2053-02-18
29,30,5,2062-05-15
82,36,6,2001-11-20
14,79,9,2029-07-29
20,71,8,2083-07-18
64,34,6,2095-09-20
50,24,5,2037-12-26
38,80,5,2031-02-02
66,63,7,2024-01-28
20,5,5,2098-01-31
20,68,5,2091-05-29
33,34,1,2078-09-26
39,67,3,2038-05-20
16,19,7,2076-07-22
91,78,6,2083-10-14
59,46,9,2084-05-17
97,13,9,2027-06-22
29,6,6,2052-09-16
61,10,8,2013-08-12
71,62,5,2034-10-27
54,87,5,2061-02-03
71,94,2,2027-09-24
46,67,4,2010-11-26
64,49,4,2035-01-25
94,86,4,2017-10-04
16,66,2,2014-07-23
92,2,6,2088-05-03
35,28,8,2034-04-28
95,42,4,2027-04-25
57,82,3,2050-11-05
79,96,6,2063-09-18
3,11,6,2048-04-27
39,7,2,2090-12-27
1,13,6,2018-03-12
61,99,4,2051-12-11
27,55,10,2099-05-31
94,64,5,2000-07-25
48,85,0,2037-09-07
60,98,3,2066-06-10
18,77,6,2057-01-02
49,22,3,2018-11-21
38,97,1,2045-10-29
68,60,4,2089-10-21
19,56,5,2093-09-15
19,68,7,2058-01-20
12,32,7,2057-08-03
20,25,3,2072-12-14
54,33,5,2081-03-31
84,1,4,2054-11-23
49,83,6,2034-08-09
74,70,2,2050-05-28
35,0,6,2003-05-14
23,73,5,2003-02-18
21,81,5,2010-09-30
39,26,6,2034-07-27
72,72,6,2026-06-14
23,61,6,2028-08-01
89,35,9,2007-04-06
20,63,4,2022-01-05
79,45,8,2063-12-30
80,59,4,2016-09-16
71,96,7,2019-03-21
15,31,3,2017-09-23
94,97,4,2047-06-04
91,11,2,2008-05-16
31,8,4,2097-09-15
83,67,5,2061-03-05
49,26,6,2095-02-25
57,40,11,2051-03-05
96,33,9,2043-03-11
55,5,4,2085-04-11
26,76,5,2083-06-28
54,26,6,2076-02-10
44,81,4,2051-10-08
94,81,7,2013-07-01
56,21,9,2032-10-01
47,96,5,2008-11-02
69,97,5,2000-02-03
8,79,5,2087-03-15
42,70,3,2053-04-14
75,50,3,2033-10-13
60,29,3,2069-12-13
98,35,7,2017-07-17
87,80,9,2008-07-18
82,11,6,2046-06-18
79,47,6,2047-02-12
48,21,5,2067-08-04
86,66,4,2041-12-25
42,80,1,2002-04-11
78,6,1,2013-12-24
90,19,3,2052-09-01
68,29,7,2093-04-04
24,0,2,2022-04-14
78,16,4,2018-09-09
15,97,6,2081-07-20
99,91,4,2021-11-20
55,6,3,2011-02-06
56,2,5,2085-11-14
79,34,7,2036-10-02
5,14,6,2038-08-10
45,96,8,2034-08-24
19,81,1,2081-12-31
35,34,6,2069-10-17
21,74,4,2080-12-09
11,81,3,2057-03-16
47,1,8,2037-04-16
11,89,3,2071-04-22
38,81,4,2013-06-02
50,3,3,2034-04-28
42,16,9,2057-03-26
13,15,6,2011-03-17
15,69,2,2088-03-11
20,36,3,2096-11-08
7,79,8,2016-05-19
92,13,4,2005-10-25
13,12,4,2036-03-02
21,3,9,2007-07-22
7,45,6,2007-08-20
69,55,2,2011-01-24
43,26,7,2067-04-14
68,23,5,2002-09-09
62,53,4,2013-08-01
79,23,6,2002-04-13
74,87,4,2072-08-12
2,56,7,1999-11-28
87,98,2,2020-12-01
53,26,4,2085-02-24
77,63,3,2089-07-13
81,6,9,2032-10-11
18,43,9,2090-05-31
27,81,3,2049-09-30
54,20,7,2082-05-10
22,45,4,2040-06-04
7,96,5,2083-03-28
2,72,7,2076-08-04
50,85,7,2070-07-02
63,2,8,2062-04-15
62,50,8,2039-08-15
18,43,7,2058-08-24
61,85,4,2084-08-29
51,80,5,2001-07-19
73,12,2,2013-09-03
80,10,3,2050-08-12
60,43,9,2058-04-05
26,67,4,2027-05-25
63,45,7,2023-11-23
50,9,4,2086-07-03
26,15,2,2007-11-05
58,70,6,2007-02-24
75,50,3,2036-12-11
36,87,3,2097-02-15
72,84,1,2026-09-21
53,12,3,2011-10-18
84,5,6,2055-05-13
37,6,4,2070-05-17
41,71,2,2007-05-20
83,81,5,2003-04-06
77,63,1,2071-02-15
39,98,8,2062-05-30
9,47,4,2096-02-23
65,14,5,2003-10-25
96,65,5,2032-12-04
63,54,7,2082-12-29
65,27,7,2045-10-07
96,27,5,2080-04-09
35,39,4,2070-10-25
86,3,6,2055-09-10
90,11,5,2093-01-26
30,25,2,2053-11-25
26,72,3,2054-11-27
1,69,4,2097-06-08
18,14,7,2076-09-24
76,56,6,2027-03-02
64,28,4,2022-05-27
63,55,6,2096-03-17
91,31,9,2001-07-25
43,96,6,2009-04-23
22,56,5,2021-01-30
54,78,4,2043-06-03
7,2,6,2037-10-10
1,24,5,2080-04-18
90,9,4,2095-06-22
5,75,8,2058-11-30
27,39,7,2027-04-21
95,68,5,2070-09-06
44,53,6,2085-02-06
39,90,6,2039-12-25
90,49,9,2099-07-16
89,61,2,2079-07-22
17,30,5,2055-04-14
9,6,3,2029-02-03
57,71,6,2055-11-19
88,46,1,2047-01-13
19,65,5,2030-12-14
37,96,5,2012-01-21
15,56,7,2009-08-24
63,71,6,2071-09-21
21,28,9,2069-06-22
69,69,5,2050-11-11
73,11,8,2088-09-04
60,9,10,2098-09-18
94,12,7,2002-11-10
56,27,5,2094-06-22
1,61,0,2002-01-02
55,31,3,2003-04-19
90,49,3,2047-03-27
66,71,6,2059-11-04
5,6,3,2093-02-21
9,77,3,2038-01-25
14,0,7,2097-01-04
80,90,5,2053-06-01
55,37,4,2039-12-19
46,79,5,2076-05-31
73,44,5,2074-04-20
97,65,2,2047-08-18
52,28,4,2053-10-09
95,72,3,2066-09-08
62,98,6,2068-04-24
45,57,5,2042-05-21
69,18,2,2045-09-17
43,58,7,2036-10-23
93,5,2,2015-08-31
44,34,3,2092-07-01
42,21,6,2065-10-07
38,38,11,2065-06-03
85,26,8,2089-10-02
58,54,5,2060-09-23
65,83,3,2068-12-17
25,23,8,2028-06-22
42,33,1,2045-03-01
61,28,4,2025-04-12
20,49,4,2090-05-15
45,77,3,2071-12-23
48,79,4,2003-01-11
91,57,9,2049-12-12
45,98,5,1999-08-18
52,98,3,2089-06-19
55,99,8,2056-03-30
62,27,7,2059-12-30
58,49,9,2099-08-27
44,93,2,2017-09-09
70,82,1,2097-07-31
41,33,3,2004-06-28
63,52,7,2041-09-05
18,62,1,2022-02-01
91,5,7,2001-09-20
95,17,4,2032-11-20
58,41,5,2061-01-22
95,39,7,2099-08-03
31,33,7,2056-10-08
15,6,4,2018-02-04
44,10,5,2054-05-15
10,6,3,2092-03-13
86,84,10,2061-04-07
88,36,3,2030-02-17
47,37,3,2004-02-08
63,30,4,2089-09-01
15,60,4,2076-03-11
30,27,6,2012-09-14
67,92,4,2094-02-05
81,42,5,2069-07-03
7,36,10,2056-08-08
98,71,7,2099-10-07
40,11,7,1999-08-26
76,45,6,2056-09-13
42,80,4,2063-04-26
72,46,5,2097-10-16
7,56,4,2078-08-24
60,15,7,2052-02-04
24,14,6,2015-02-09
25,6,6,2056-12-05
38,22,7,2078-09-10
60,38,3,2022-05-25
16,85,3,2075-02-23
38,12,7,2017-04-16
86,73,6,2008-06-10
68,82,5,2032-11-27
46,46,5,2085-01-10
81,90,1,2086-09-12
80,96,4,2021-11-06
32,10,8,2057-07-28
65,8,7,2018-05-05
93,6,6,2044-06-14
88,98,2,2062-11-05
71,56,3,2000-05-01
19,72,0,2060-03-19
59,17,8,2021-06-01
34,38,7,2082-11-30
2,66,4,2084-11-25
11,92,3,2003-10-23
35,87,3,2057-09-07
10,27,6,2052-09-30
68,26,6,2039-11-03
95,30,4,2039-12-04
66,3,5,2042-03-19
59,63,4,2010-08-08
63,62,4,2073-01-31
77,47,8,2097-02-26
60,61,1,2059-03-13
93,16,3,2039-04-17
39,86,7,2069-03-29
8,47,8,2029-10-15
5,19,4,2064-02-19
63,52,8,2010-12-14
0,9,8,2029-05-22
49,57,4,2013-08-29
99,27,4,2003-05-18
56,80,3,2078-04-06
54,64,3,2023-06-05
73,99,5,2066-01-11
96,67,1,2061-01-29
19,38,4,2095-07-19
97,42,3,2095-08-02
43,63,2,2080-10-02
32,98,8,2081-05-19
83,91,4,2048-04-09
65,46,9,2027-11-29
85,15,7,2092-01-31
80,1,5,2039-11-03
90,54,10,2009-08-30
7,7,10,2031-09-19
36,99,5,2076-03-06
53,23,2,2063-10-14
88,89,4,2093-09-27
19,74,8,2088-03-06
89,7,6,2084-02-29
90,62,5,2093-08-20
0,13,4,2024-01-17
33,46,4,2064-11-18
8,17,9,2065-09-18
91,90,3,2083-10-05
45,41,7,2080-04-09
72,88,7,2032-07-23
56,97,7,2085-05-29
38,44,5,2037-05-02
97,1,6,2041-01-20
0,97,4,2042-02-21
38,0,6,2071-03-21
67,35,6,2063-09-30
42,31,5,2022-08-16
91,27,6,2069-02-03
4,63,7,2089-08-21
7,0,9,2094-03-21
84,95,4,2025-03-05
91,38,8,2059-01-11
45,26,4,2059-11-09
65,72,7,2043-11-07
65,77,6,2020-03-28
10,94,4,2026-09-05
75,31,4,2006-09-17
91,16,5,2057-06-23
3,88,6,2059-03-18
63,54,5,2010-01-15
97,40,5,2084-03-20
98,23,5,2053-03-26
9,20,7,2070-08-24
50,18,4,2019-03-10
92,83,7,2084-01-05
51,61,4,2001-06-01
83,69,3,2094-04-16
59,74,3,2022-06-13
28,60,7,2071-06-30
92,91,6,2048-03-28
78,78,4,2014-06-13
1,77,4,2052-10-04
26,69,5,2064-06-05
62,97,5,2038-07-30
70,1,6,2003-11-09
77,7,6,2088-12-24
43,67,3,2014-06-17
18,81,3,2058-11-22
69,83,2,2014-03-19
31,25,5,2098-09-20
76,34,4,2049-02-08
84,94,3,2041-04-21
64,3,2,2069-10-13
33,70,7,2064-07-28
58,11,6,2082-09-22
44,48,4,2044-11-28
24,51,5,2069-07-01
76,79,1,2058-05-08
63,72,1,2027-02-10
10,90,5,2079-05-02
53,45,6,2032-06-14
35,27,6,2040-09-04
66,27,5,2011-11-12
83,50,4,2015-03-12
52,91,4,2022-10-20
61,10,6,2021-09-19
40,65,6,2090-07-18
27,50,9,2078-12-04
3,60,5,2019-11-03
95,83,3,2010-12-21
17,48,3,2015-08-21
31,14,4,2025-06-13
26,26,5,2002-03-04
96,74,6,2045-04-08
48,92,6,2084-08-05
92,17,4,2071-03-08
73,6,3,2077-12-20
15,78,2,2037-12-07
29,24,7,2006-10-29
91,43,5,2064-06-05
35,9,8,2080-10-28
43,83,8,2041-09-18
7,17,4,2038-09-26
77,1,4,2072-11-05
71,87,5,2069-02-22
99,67,7,2076-08-09
75,96,6,2057-03-25
0,22,7,2076-05-04
97,62,4,2098-03-06
88,3,3,2046-02-02
19,28,10,2068-02-09
25,91,3,2006-08-21
56,18,11,2024-03-25
80,48,4,2044-04-15
94,42,3,2084-03-13
33,69,7,2010-12-05
10,66,2,2038-06-27
32,20,8,2043-05-30
13,40,6,2036-08-18
55,54,8,2068-07-09
25,95,2,2072-09-09
83,79,6,2065-04-07
42,2,1,2004-12-09
38,4,4,2092-11-09
17,14,7,2031-08-16
77,91,6,2054-04-03
80,46,11,2003-09-19
46,47,7,2054-03-15
88,4,10,2019-12-27
48,75,4,2003-03-18
18,99,3,1999-08-10
49,28,6,2006-05-17
59,59,9,2061-12-07
42,12,4,2086-04-06
0,96,5,2013-09-17
90,64,2,2078-10-05
21,5,6,2035-12-16
34,96,3,2044-10-17
69,7,8,2007-09-26
85,35,9,2062-01-06
96,19,4,2005-07-23
53,70,3,2095-01-04
57,6,4,2003-11-30
38,56,4,2090-06-04
13,90,3,2086-11-13
82,32,5,2018-10-12
41,96,5,2009-12-07
66,57,4,2015-01-07
22,93,5,2052-08-06
23,44,8,2003-10-06
54,85,6,2017-09-29
74,1,4,2072-11-03
82,22,6,2061-05-31
41,43,4,2001-11-23
8,74,5,2047-11-03
93,72,4,2084-07-01
48,80,7,2045-06-14
62,33,4,2016-09-04
98,2,2,2073-01-01
6,40,4,2068-10-18
83,64,10,2029-07-22
40,88,5,2077-05-02
5,75,4,2026-11-20
65,36,9,2087-01-05
37,13,4,2073-01-09
6,68,6,2046-07-15
9,50,9,2006-01-28
73,14,2,2080-01-26
43,49,4,2026-03-14
50,14,5,2019-04-23
87,52,7,2008-03-26
37,53,1,2086-11-07
73,27,9,2090-12-01
26,84,6,2085-07-16
95,47,7,2035-10-08
5,72,3,2058-09-04
35,1,4,2071-05-04
76,63,2,2090-01-07
73,53,5,2075-12-28
18,29,3,2009-09-19
13,76,2,2077-11-20
61,23,6,2012-12-28
21,85,5,2057-10-01
81,62,7,2072-06-01
18,13,4,2044-04-20
72,82,2,2058-02-24
63,62,7,2055-08-18
89,71,8,2054-12-29
0,53,7,2058-05-02
56,1,6,2040-04-29
38,53,3,2033-10-11
62,62,7,2036-10-10
4,43,7,2062-07-20
38,93,8,2024-01-01
44,43,4,2044-03-15
29,92,2,2079-09-20
26,97,7,2023-07-08
51,72,1,2032-04-05
38,61,3,2016-10-24
90,74,6,2015-04-28
67,56,6,2070-03-21
25,66,7,2006-11-29
50,93,5,2058-12-09
47,1,5,2092-07-12
60,17,4,2085-05-13
49,22,4,2045-05-31
97,65,9,2077-05-09
67,24,9,2067-10-10
62,26,6,2068-04-21
19,28,6,2096-08-13
61,12,2,2069-03-22
46,25,2,2055-08-12
60,8,4,2031-11-05
1,61,5,2039-12-05
63,42,1,2053-03-28
97,46,12,2034-06-13
11,20,4,2070-03-27
37,89,2,2098-09-14
43,74,6,2040-02-29
90,62,2,2030-03-22
80,62,4,2090-07-28
36,95,2,2096-09-17
41,85,7,2087-10-16
96,18,4,2053-07-16
81,56,6,2054-12-24
8,12,6,2028-02-05
99,4,6,2000-07-25
41,31,4,2084-04-29
78,3,4,2076-02-07
59,83,9,2001-12-26
51,1,9,2072-07-19
72,50,4,2072-03-08
25,94,8,2013-01-24
25,66,4,2010-08-28
89,51,3,2007-06-05
82,65,1,2058-09-11
86,60,11,2031-12-03
53,52,6,2035-03-15
11,67,6,2031-09-16
1,21,6,2080-03-13
0,93,1,2036-07-01
21,69,6,2071-07-06
9,19,2,2004-03-15
9,37,7,2091-03-21
62,67,8,2096-01-08
19,22,3,2001-04-20
81,59,6,2076-12-28
25,99,6,2094-12-11
99,91,6,2022-08-27
72,15,6,2084-05-23
20,4,6,2045-12-18
16,20,5,2009-07-25
10,37,7,2049-08-28
80,59,4,2003-06-01
50,52,7,2000-05-14
69,35,7,2049-08-22
2,15,2,2066-03-12
37,67,6,2055-09-01
17,53,5,2087-02-28
23,13,6,2061-07-05
45,71,2,2009-04-12
99,28,5,2093-01-19
57,80,5,2059-10-23
0,44,7,2058-09-30
58,98,6,2000-07-24
97,11,5,2019-07-11
29,51,4,2036-01-11
54,22,5,2082-10-28
94,25,5,2000-10-11
81,75,3,2077-03-14
99,59,3,2062-07-25
51,88,2,2014-09-21
63,65,7,2073-12-30
66,39,6,2004-02-22
35,30,8,2003-12-27
22,20,5,2044-12-04
52,27,8,2088-09-27
54,41,5,2073-09-06
53,39,4,2011-04-03
70,77,3,2035-01-22
35,12,6,2012-07-23
23,49,6,2034-01-21
87,60,6,2089-04-30
72,12,9,2004-10-06
52,10,5,2059-11-21
53,94,4,2091-10-28
12,76,3,2050-07-02
24,74,4,2053-01-07
22,51,6,2074-03-21
37,33,3,2086-09-10
77,82,8,2033-04-05
81,94,5,2010-12-04
56,94,1,2033-07-05
95,81,4,2035-07-03
23,82,8,2023-06-08
45,98,5,2051-10-25
35,78,4,2051-12-29
99,96,9,2034-02-02
45,18,3,2082-05-04
65,99,6,2005-11-13
45,91,8,2037-03-17
97,0,2,2039-06-26
38,71,1,2043-03-20
59,21,4,2052-08-15
13,45,4,2073-05-02
16,86,3,2016-05-16
96,18,8,2051-09-24
10,39,7,2088-09-11
73,85,4,2092-07-07
95,19,3,2052-01-03
69,85,0,2049-05-11
65,26,4,2064-07-31
41,55,6,2044-10-19
84,97,4,2057-06-30
52,42,8,2093-05-25
11,69,6,2048-07-11
18,15,6,2029-04-20
60,95,6,2012-01-13
32,92,7,2098-04-14
26,95,5,2046-05-09
18,38,2,2098-01-25
47,51,6,2037-05-27
24,89,5,2000-07-21
7,11,7,2049-04-20
84,51,2,2026-05-01
85,16,6,2071-02-09
76,81,7,2038-09-04
46,69,8,2024-01-27
11,20,6,2028-09-01
26,90,3,2052-10-10
66,7,6,2054-12-18
70,78,1,2074-10-07
60,22,3,2060-01-14
61,76,8,2070-11-17
14,71,4,2073-12-01
88,68,7,2052-06-05
84,8,3,2053-07-04
89,10,7,2094-11-23
94,81,5,2071-10-10
47,75,8,2036-12-29
42,94,4,2009-05-03
19,19,3,2020-09-22
16,94,10,2009-09-15
72,90,8,2027-03-15
50,4,5,2056-04-28
91,95,3,2059-11-16
17,26,7,2047-01-24
64,14,7,2062-03-28
9,58,10,2045-11-25
5,85,6,2024-07-15
30,22,5,2039-09-26
40,34,8,2073-01-24
5,89,5,2030-04-04
77,12,7,2088-09-27
3,39,4,2017-02-21
17,28,4,2076-10-17
42,17,6,2047-12-19
73,66,0,2047-06-30
51,57,6,2044-01-14
59,33,4,2078-07-22
22,54,2,2099-02-16
77,45,6,2052-10-09
70,78,9,2091-04-02
37,28,11,2049-04-17
92,2,8,2054-03-01
48,93,6,2028-10-30
61,63,6,2043-09-11
40,49,6,2047-04-06
60,84,9,2092-05-02
98,67,3,2052-04-05
36,1,5,2002-07-31
73,22,4,1999-12-22
60,62,9,2007-05-09
48,36,5,2048-01-27
83,26,4,2094-08-19
96,24,5,2005-07-17
48,9,7,2082-04-28
76,91,9,2084-08-05
87,83,2,2050-07-11
61,88,3,2028-06-04
37,1,4,2056-12-15
16,9,6,2096-11-12
41,48,7,2005-09-21
8,27,5,2048-11-09
76,8,4,2070-07-04
11,70,8,2094-08-05
68,3,4,2017-06-27
1,14,1,2087-10-15
17,82,6,2074-07-27
65,98,6,2014-05-09
37,96,8,2090-02-10
23,10,6,2088-07-04
70,17,8,2079-05-09
73,4,3,2019-12-12
67,34,2,2012-10-17
77,63,2,2022-02-23
77,13,1,2021-08-03
4,57,4,2099-09-25
45,47,3,2086-12-30
0,55,6,2020-07-01
25,29,8,2032-08-30
46,70,2,2018-10-25
26,99,3,2088-06-06
52,57,2,2014-07-12
74,75,2,2081-11-12
40,35,2,2053-02-24
50,64,5,2097-11-23
22,81,4,2073-12-05
31,52,5,2007-06-19
87,40,4,2015-06-04
48,3,6,2042-05-24
18,49,8,2053-04-09
19,76,5,2024-11-12
29,21,5,2016-07-30
11,43,1,2050-01-15
44,74,4,2051-04-08
54,83,2,2027-10-03
19,36,3,2044-03-06
86,65,4,2038-05-06
59,11,5,2021-10-06
67,81,3,2045-03-21
82,78,5,2080-08-11
83,38,4,2046-02-27
41,81,8,2077-06-21
52,15,6,2014-07-10
65,66,5,2025-05-11
35,63,6,2025-06-21
55,28,9,2020-05-19
91,11,5,2052-02-19
12,57,4,2030-04-15
63,6,3,2049-11-01
2,53,2,2059-06-28
96,31,7,2067-08-04
61,69,4,2081-08-30
2,47,5,2057-12-26
77,64,6,2045-01-08
16,8,6,2096-07-06
29,0,11,2041-09-28
51,33,6,2083-09-05
36,70,4,2018-01-24
74,2,12,2029-03-08
73,94,5,2052-05-03
41,19,4,2016-02-20
5,17,4,2097-10-08
60,16,6,2022-10-16
94,15,7,2018-07-30
69,61,9,2079-01-10
81,2,5,2075-03-06
52,14,4,2061-06-27
18,11,1,2046-04-19
92,22,3,2091-12-31
18,68,2,1999-09-02
99,99,2,2096-06-29
45,52,3,2043-07-13
87,86,12,2070-01-17
84,28,7,2048-11-29
61,13,5,2010-06-05
3,69,6,2035-05-07
30,78,8,2012-07-26
51,14,4,2008-07-27
74,89,6,2034-08-14
24,3,4,2051-10-29
67,37,4,2045-12-02
97,55,8,2033-04-06
96,69,4,2005-12-15
98,68,4,2026-10-26
17,77,3,2089-06-07
11,43,3,2046-03-15
78,52,1,2071-01-30
34,4,2,2087-08-10
83,10,9,2001-08-31
8,85,3,2096-04-21
41,50,8,2028-06-22
85,20,4,2082-05-03
59,93,5,2081-03-22
47,17,3,2046-09-20
51,27,5,2050-07-24
33,24,8,2030-04-27
87,22,3,2035-02-04
40,77,7,2050-03-13
19,12,4,2036-12-28
52,60,5,2089-09-19
30,38,5,2062-09-25
92,93,1,2021-11-10
12,77,4,2031-05-29
99,35,5,2065-06-07
83,43,11,2078-10-29
15,80,5,2069-06-04
92,31,6,2086-08-14
38,18,5,2030-12-27
67,49,5,2033-04-26
29,25,7,2061-06-27
60,29,6,2054-02-14
81,67,4,2033-12-21
18,25,6,2036-03-18
55,62,5,2010-11-26
16,82,5,2063-11-12
44,14,5,2030-01-25
76,54,6,2076-02-03
69,77,2,2047-11-06
55,0,5,2009-05-25
49,93,4,2073-07-16
24,62,6,2082-03-06
60,46,7,2015-05-16
14,74,3,2064-09-20
6,84,11,2008-01-04
21,80,3,2098-08-25
91,92,7,2075-02-14
53,11,9,2030-10-29
93,74,5,2074-11-12
66,73,2,2070-07-22
10,23,2,2039-10-10
70,5,7,2038-12-03
83,47,3,2017-09-02
26,82,6,2014-12-10
88,74,4,2066-05-17
83,13,3,2072-12-18
72,57,10,2006-06-16
49,75,5,2065-06-02
90,33,9,2034-08-05
14,5,1,2052-02-28
56,68,4,2094-10-28
43,23,11,2016-04-05
50,96,8,2002-02-23
84,30,5,2082-10-18
39,62,2,2093-03-29
21,19,7,2092-05-26
5,23,7,2020-10-30
52,75,8,2056-04-01
53,91,8,2087-07-08
80,80,7,2045-09-07
23,69,4,2093-08-29
12,30,5,2042-02-17
93,9,7,2052-12-21
58,46,4,2089-01-28
34,68,8,2064-02-11
70,43,4,2016-02-26
54,32,6,2020-06-26
33,88,1,2036-03-29
42,10,4,2069-01-01
63,69,1,2056-04-25
70,73,8,2015-05-14
38,52,3,2013-04-28
67,41,4,2071-03-04
45,59,8,2041-03-14
57,12,3,2005-12-05
58,94,2,2091-09-24
6,42,7,2046-08-16
71,93,6,2003-08-15
73,2,3,2042-01-30
6,4,7,2041-05-03
54,21,4,2021-08-22
7,71,8,2043-08-26
45,73,7,2074-07-08
29,98,10,2073-04-06
20,12,5,2063-10-15
69,78,9,2031-01-26
50,81,3,2073-10-23
58,31,4,2025-03-31
58,87,5,2019-05-13
90,52,8,2095-12-28
40,27,8,2025-01-23
63,78,5,2020-02-24
78,4,7,2018-11-13
99,67,3,2086-03-21
88,4,7,2036-12-29
22,1,4,2009-10-31
78,74,3,2049-02-06
64,43,2,2083-11-24
36,15,1,2019-07-27
74,1,3,2035-05-06
58,75,2,2086-12-19
55,18,5,2049-01-25
56,6,2,2031-02-11
87,75,4,2054-02-07
28,76,4,2036-12-24
13,22,5,2093-05-21
53,3,5,2069-10-29
80,39,7,2098-11-30
72,32,4,2029-11-24
81,25,5,2008-05-27
19,11,6,2076-10-24
28,55,4,2074-11-11
70,3,5,2046-06-20
6,14,6,2036-07-14
34,64,5,2047-09-29
58,62,2,2032-12-04
29,6,4,2036-11-20
15,63,2,2054-07-15
36,30,4,2067-04-28
54,34,6,2036-04-04
94,17,3,2061-01-17
1,51,6,2071-06-15
36,81,4,2016-09-10
97,5,6,2009-05-09
54,69,4,2060-12-23
90,8,4,2060-02-04
43,0,5,2025-04-04
75,37,7,2013-12-25
0,92,2,2064-12-27
24,46,4,2077-01-05
18,78,6,2087-01-02
23,48,2,2002-09-05
51,56,4,2055-10-25
95,20,5,2067-01-04
6,60,5,2012-04-12
94,27,7,2093-06-29
91,39,4,2069-03-29
89,54,4,2012-11-29
8,51,6,2031-03-09
29,96,4,2028-01-21
44,35,6,2044-05-27
89,13,3,2070-04-22
99,34,6,2044-10-31
78,4,7,2085-07-28
35,37,5,2040-06-08
96,46,4,2079-08-11
79,2,4,2085-07-22
18,0,4,2051-10-02
62,69,5,2044-11-29
14,48,6,2078-05-23
47,15,4,2009-08-10
63,56,8,2051-11-08
82,5,8,2093-12-11
32,36,4,2036-08-26
37,98,6,2059-07-27
53,92,8,2089-08-04
88,73,5,2060-04-21
86,24,4,2085-07-18
59,64,5,2034-12-08
89,17,5,2017-02-23
29,85,3,2067-06-07
52,89,6,2089-01-25
55,33,6,2009-11-03
41,34,1,2052-01-01
44,67,9,2041-12-06
49,59,7,2088-02-15
42,21,5,2023-10-10
71,95,3,2051-08-29
50,80,6,2079-02-21
11,37,5,2068-05-29
69,34,2,2005-03-20
87,64,6,2091-09-01
70,5,7,2065-10-25
12,26,4,2006-04-26
4,88,5,2042-05-31
25,52,3,2090-01-28
46,71,6,2035-09-24
93,55,3,2075-12-20
46,76,6,2095-04-30
28,44,3,2017-12-08
32,91,4,2010-07-08
70,29,2,2050-12-01
77,91,4,2086-05-05
66,83,3,2098-07-06
10,49,4,2031-09-01
6,97,7,2002-04-07
15,79,1,2046-12-10
83,98,8,2052-06-11
81,54,6,2052-09-16
55,83,8,2007-03-29
22,21,1,2060-05-21
34,23,12,2056-07-14
91,34,5,2007-09-30
29,50,8,2052-12-30
70,57,6,2063-08-03
16,10,2,2020-03-25
96,36,6,2063-08-27
77,85,9,2083-06-20
32,77,5,2016-07-20
18,90,7,2065-08-08
67,23,3,2030-11-06
88,37,7,2013-11-18
80,59,6,2067-06-27
40,36,3,2084-08-02
99,9,1,2049-12-10
86,85,4,2019-01-03
85,15,8,2094-09-11
89,62,3,2065-03-07
10,61,2,2091-12-17
67,27,8,2070-06-06
8,78,8,2067-03-20
62,37,6,2072-05-16
13,4,2,2007-12-24
1,25,5,2064-02-14
75,99,7,2027-12-29
7,96,4,2037-05-25
20,33,5,2096-12-24
48,35,5,2018-07-14
56,19,5,2012-11-06
67,19,5,2041-10-27
80,32,7,2015-07-12
55,54,4,2058-02-14
27,46,4,2078-06-25
17,11,4,2056-03-24
10,47,3,2028-02-05
29,67,4,2079-09-20
87,8,5,2054-09-01
40,3,4,2050-08-08
38,97,5,2056-09-19
7,43,4,2044-11-09
4,2,6,2033-10-26
82,50,11,2019-02-19
45,89,6,2039-06-10
2,26,4,2006-03-30
51,86,3,2065-03-12
49,76,6,2065-11-17
41,81,1,2056-10-03
40,38,6,2042-01-17
83,88,2,2086-06-21
20,31,1,2088-12-04
74,33,4,2069-04-11
95,72,5,2037-12-06
50,29,1,2013-02-01
57,30,4,2023-01-25
40,95,4,2087-11-19
2,79,7,2053-11-04
67,32,8,2016-11-23
68,9,7,2055-07-04
95,47,4,2066-08-14
15,97,4,2095-10-19
89,24,4,2095-11-15
92,19,6,2095-05-17
2,9,6,2057-08-12
49,18,6,2046-10-28
58,26,5,2035-02-17
20,53,8,2048-06-04
41,26,3,2028-12-28
92,63,3,2096-02-27
48,53,3,2043-04-23
52,92,2,2010-12-05
85,10,4,2014-12-04
7,71,5,2085-09-11
83,48,6,2010-07-06
79,2,1,2077-07-06
5,46,5,2093-05-15
13,57,5,2077-09-04
5,97,6,2056-11-19
12,58,7,2031-02-11
53,72,7,2095-07-08
68,61,14,2056-09-10
39,75,7,2046-09-17
98,22,6,2029-06-13
36,1,3,2096-04-14
59,25,8,2063-03-17
6,2,3,2069-10-10
15,32,4,2095-11-26
74,45,10,2008-02-12
18,70,7,2081-06-10
8,30,7,2057-03-29
77,14,3,2074-05-08
78,10,2,2024-08-05
16,12,4,2054-09-30
48,74,7,2062-01-21
31,72,4,2070-02-12
86,27,4,2064-03-22
9,37,4,2049-08-01
58,69,8,2035-03-13
58,50,5,2009-08-28
15,72,4,2050-12-24
34,23,5,2081-05-05
27,13,7,2060-12-30
91,89,2,2000-04-01
49,73,4,2064-09-30
96,38,6,2021-12-09
27,42,4,2079-01-24
31,65,5,2088-05-28
55,52,7,2011-03-25
70,98,5,2087-12-31
88,13,9,2090-04-30
75,39,7,2030-09-06
30,88,2,2094-06-16
57,90,7,2012-05-07
3,66,6,2099-12-30
55,83,5,2032-08-31
21,85,6,2021-07-18
40,27,5,2037-11-19
19,13,4,2069-06-29
65,66,3,2085-08-23
88,66,3,2030-06-16
43,9,6,2011-01-27
17,99,2,2020-01-17
27,36,7,2098-02-16
2,77,2,2012-04-13
69,5,5,2014-12-30
63,86,4,2049-02-06
16,5,5,2001-11-21
19,10,5,2044-10-26
61,92,8,2063-04-05
50,55,2,2020-09-23
36,74,1,2034-10-29
25,85,6,2047-01-01
57,56,6,2079-08-17
43,21,5,2053-11-03
86,57,3,2009-07-26
22,73,5,2053-03-24
7,31,7,2060-05-25
1,46,7,2055-09-15
63,63,4,2017-11-23
98,60,7,2066-05-13
27,80,2,2037-02-06
14,63,3,2096-01-28
37,67,4,2012-03-13
4,76,2,2043-07-04
14,69,7,2099-02-15
83,31,3,2064-10-09
86,83,4,2044-02-23
5,87,5,2062-05-26
58,68,6,2061-11-13
56,8,4,2026-01-23
15,40,4,2083-06-24
37,14,4,2057-01-11
20,26,5,2064-11-25
43,90,3,2075-01-26
3,54,5,2069-12-03
38,65,4,2036-01-28
70,98,5,2038-11-17
58,92,6,2006-10-05
7,93,9,2007-04-09
10,1,3,2081-05-13
81,19,12,2058-01-09
32,46,4,2036-10-06
27,3,6,2045-11-12
19,17,5,2014-08-31
59,31,6,2025-09-21
58,38,3,2024-05-21
37,18,4,2092-10-07
74,28,5,2089-08-24
88,96,4,2028-02-23
48,39,5,2043-03-15
30,65,2,2018-05-26
68,35,2,2093-04-04
80,67,2,2081-02-08
67,34,5,2029-06-17
74,47,10,2073-02-08
90,55,6,2056-02-16
19,31,4,2032-06-20
45,2,5,2033-02-25
16,72,4,2096-01-23
83,14,4,2038-02-03
34,56,3,2027-10-06
77,64,3,2059-10-16
81,65,4,2025-04-30
15,21,6,2071-04-02
74,99,5,2094-01-01
53,68,5,2048-01-16
95,45,6,2087-07-23
77,62,3,2091-06-08
69,81,2,2082-05-26
38,6,7,2049-07-06
37,17,7,2070-03-01
82,32,9,2077-12-19
99,4,7,2010-02-06
57,7,4,2044-03-18
47,90,5,2023-01-07
47,32,7,2074-08-16
59,18,4,2095-11-04
94,28,7,2083-03-14
28,94,1,2041-12-30
22,41,9,2009-06-28
28,89,3,2083-04-26
47,79,3,2009-07-04
88,50,6,2070-10-05
17,93,10,2004-03-21
40,44,10,2010-02-01
39,36,5,2062-03-09
79,55,4,2000-03-08
60,86,4,2019-01-24
8,36,6,2051-04-15
95,25,4,2025-04-24
76,16,11,2073-02-24
91,58,4,2002-01-27
50,64,5,2074-12-10
26,7,3,2009-02-11
95,77,4,2025-07-20
93,8,3,2051-11-27
17,82,8,2075-07-14
92,47,4,2058-02-11
34,41,4,2037-08-31
55,16,5,2013-11-20
28,70,5,2060-05-23
14,56,4,2036-12-24
97,5,2,2087-01-19
93,10,6,2050-01-19
73,17,2,2075-05-17
46,46,7,2006-10-04
40,63,5,2037-04-15
25,91,3,2003-06-28
49,66,5,2018-08-02
76,9,6,2081-09-04
99,25,6,2083-01-30
2,44,4,2041-01-09
74,94,3,2026-06-01
52,94,3,2092-04-27
74,87,6,2039-07-06
76,10,7,2034-12-29
43,68,5,2050-06-11
31,81,3,2015-05-12
33,63,6,2065-01-06
3,68,2,2038-05-04
19,91,1,2072-10-07
96,51,6,2078-05-13
99,12,4,2095-04-06
22,34,5,2011-10-18
55,21,8,2035-05-21
52,51,2,2070-11-30
19,81,5,2096-06-20
17,25,5,2057-05-28
21,25,2,2088-02-10
30,94,6,2071-12-15
91,11,7,2047-01-31
4,90,13,2064-12-24
68,77,4,2029-04-03
55,39,5,2009-11-21
82,30,10,2085-11-06
9,68,10,2064-06-26
25,50,5,2031-05-15
92,78,4,2071-12-31
97,80,5,2018-02-11
81,82,6,2086-03-25
11,86,4,2052-08-11
84,60,5,2005-11-01
77,9,4,2039-03-05
77,29,3,2011-04-25
61,14,8,2076-05-06
88,64,9,2081-07-22
44,12,8,2072-04-21
15,32,6,2099-09-18
59,96,3,2069-07-28
93,27,3,2065-03-02
56,55,4,2030-09-12
45,1,4,1999-11-07
63,82,6,2012-10-22
28,73,9,2026-10-10
59,78,7,2024-06-13
21,3,7,2094-06-10
13,57,2,2023-03-12
93,29,2,2012-07-19
40,86,4,2097-01-03
65,31,2,2002-02-26
9,37,4,2000-12-29
15,64,6,2077-08-28
44,34,3,2066-12-17
26,65,4,2031-11-17
62,94,4,2048-07-08
80,93,7,2019-04-21
34,17,8,2025-09-02
72,10,4,2068-12-16
7,96,5,2013-09-01
21,69,5,2070-02-14
25,46,5,2059-08-06
92,47,3,2070-07-15
11,17,6,2090-06-13
48,70,2,2047-06-06
45,58,6,2074-08-22
55,29,5,2074-10-12
44,35,4,2034-07-23
69,12,6,2032-10-20
83,26,6,2057-06-06
26,96,4,1999-07-10
43,26,4,2063-02-22
47,78,5,2091-03-11
55,43,5,2014-02-19
44,8,5,2026-01-08
46,96,3,2001-02-04
86,16,1,2004-11-17
59,64,6,2036-07-28
35,6,7,2028-01-27
23,43,4,2020-09-24
0,15,5,2091-07-16
96,37,6,1999-09-30
77,9,4,2018-02-25
27,2,4,2085-07-11
75,73,1,2041-06-12
93,14,7,2041-09-06
35,63,7,2073-02-24
76,69,3,2035-02-28
23,99,5,2071-03-25
14,36,6,2074-03-06
15,68,2,2021-05-23
12,5,4,2039-09-02
62,54,3,2010-09-27
76,66,4,2083-07-22
85,85,7,2055-02-10
8,30,11,2094-11-17
32,42,7,2067-01-02
55,22,4,2048-03-01
99,97,11,2089-01-23
74,57,2,1999-07-11
45,93,4,2077-07-24
88,10,2,2010-01-28
27,37,8,2068-02-24
99,82,8,2043-11-28
75,78,7,2087-12-11
2,98,7,2047-03-02
11,23,8,2026-09-20
70,37,3,2010-05-15
12,39,9,2005-06-20
62,81,4,2049-04-22
24,54,4,2074-04-04
41,57,5,2089-12-09
91,20,6,2075-04-03
10,61,5,2063-05-29
44,1,9,2003-09-14
80,6,2,2053-06-05
76,70,2,2041-11-29
23,68,3,2093-03-30
51,77,7,2032-02-27
41,44,3,2028-06-14
45,50,5,2048-05-21
94,50,10,2000-06-20
6,56,5,2003-09-25
46,40,5,2063-08-15
7,16,8,2011-08-25
66,51,6,2067-04-20
23,46,6,2006-05-16
59,22,3,2073-07-20
15,84,8,2008-10-07
47,1,3,2019-09-10
19,23,9,2004-06-19
91,7,4,2080-07-20
16,11,7,2018-07-31
84,59,4,2067-01-02
87,1,4,2072-05-08
10,19,7,2015-02-09
90,32,8,2055-02-01
18,14,3,2089-03-03
76,70,3,2089-07-24
53,83,6,2029-11-26
30,48,3,2083-03-06
41,73,10,2099-10-23
25,57,5,2036-07-19
34,17,9,2008-11-13
4,35,3,2032-10-17
27,49,2,2019-06-10
12,99,5,2044-01-20
52,26,5,2089-04-08
39,22,7,2028-11-08
13,37,3,2094-06-18
86,86,9,2010-02-24
64,86,5,2004-04-14
19,82,6,2051-09-15
2,97,11,2093-01-10
64,18,3,2055-01-13
12,48,9,2069-04-11
45,23,3,2040-06-04
30,49,6,2047-05-10
90,95,4,2046-08-22
33,97,5,2077-06-27
28,40,6,2030-06-08
69,2,5,2000-08-05
47,30,5,2098-04-27
4,11,7,2089-12-18
6,45,6,2033-10-06
87,20,6,2040-02-11
30,87,8,2027-04-18
71,28,3,2088-12-19
63,79,6,2037-11-04
53,14,1,2025-04-15
14,13,5,2046-01-31
81,37,6,2056-10-02
96,57,4,2020-12-29
95,8,2,2096-02-11
21,86,5,2014-02-11
27,79,4,2042-11-14
10,42,5,2004-09-12
78,11,4,2018-01-03
90,62,4,2015-11-19
38,33,6,2004-12-31
88,15,5,2067-07-16
17,7,6,2062-08-09
56,31,8,2018-01-17
96,60,5,2010-12-20
94,30,5,2064-11-24
18,10,4,2037-09-25
52,90,6,2080-01-04
89,48,7,2005-09-02
27,76,2,2026-04-12
78,52,8,2016-02-08
17,85,3,2007-07-01
42,45,6,2090-01-06
38,3,4,2046-03-29
56,89,8,2060-03-02
11,42,3,2096-01-12
65,21,8,2022-02-07
44,86,6,2006-02-07
85,66,5,2038-06-02
13,74,7,2076-10-28
89,99,6,2071-10-04
71,37,4,2027-03-16
2,77,1,2019-03-14
56,12,10,2060-10-12
47,68,2,2084-01-10
20,58,5,2016-08-12
84,47,3,2057-08-23
62,84,5,2073-03-31
35,68,8,2092-02-06
26,35,4,2082-08-13
23,70,2,2008-09-26
35,58,4,2031-06-26
45,91,6,2044-07-25
37,44,3,2096-09-24
31,34,5,2002-01-13
2,19,8,2087-06-04
43,14,2,2034-02-20
59,58,5,2041-09-26
86,50,8,2049-11-10
68,97,5,2031-04-15
80,78,9,2039-03-17
32,60,5,2073-05-14
72,98,5,2086-07-30
69,19,6,2059-04-24
79,44,8,2037-11-03
84,88,6,2088-12-04
72,6,7,2011-01-15
79,4,3,2053-07-10
41,35,3,2092-04-25
60,4,6,2044-11-29
57,42,8,2060-12-02
3,20,6,2005-04-08
82,13,5,2093-08-22
90,40,8,2043-09-02
12,9,5,2044-12-31
72,33,3,2068-04-20
82,48,5,2001-02-19
8,79,2,2097-06-20
61,88,7,2007-12-14
40,36,4,2096-04-06
18,97,5,2006-08-11
56,29,1,2089-01-25
5,46,5,2096-03-12
75,83,4,2087-05-16
51,85,7,2049-07-21
39,82,3,2054-01-25
21,86,2,2088-10-24
71,20,7,2090-03-14
59,42,1,2073-01-27
23,67,2,2085-06-12
48,33,6,2030-06-06
11,93,7,2035-04-30
17,10,8,2053-10-28
18,99,1,2097-05-06
68,75,7,2062-01-23
15,3,5,2059-04-12
2,61,7,2031-06-05
52,4,5,2057-08-27
42,6,6,2076-11-17
35,0,2,2075-10-28
31,13,9,2089-11-22
54,94,7,2055-04-07
31,42,6,2050-04-17
36,8,0,2035-02-03
64,38,1,2032-06-26
92,20,4,2089-01-30
9,99,6,2058-05-15
50,63,5,2063-04-03
0,1,6,2017-04-01
61,91,4,2054-05-22
49,35,1,2080-01-29
12,14,6,2051-11-12
42,19,8,2049-05-28
4,32,8,2073-06-04
74,84,4,2081-07-09
25,84,3,2019-03-12
74,82,3,2022-10-04
29,56,10,2091-08-22
53,37,5,2059-03-24
40,96,3,2078-04-02
92,79,6,2088-08-19
14,29,6,2053-03-12
12,36,6,2093-02-18
39,71,7,2030-05-22
16,53,8,2077-01-23
80,39,5,2024-02-29
79,17,3,2028-12-15
59,0,3,2045-10-02
77,33,5,2098-10-09
23,97,6,2000-01-29
34,25,4,2077-08-22
76,92,4,2095-06-28
33,66,4,2094-09-29
94,53,3,2016-03-12
81,94,5,2078-04-25
32,15,8,2063-02-10
52,81,6,2084-03-14
83,7,7,2080-09-20
48,36,5,2022-12-08
72,46,5,2065-04-02
11,35,4,2031-02-05
37,48,5,2096-01-29
85,88,6,2098-03-28
11,13,2,2078-05-13
24,4,9,2001-07-20
39,48,5,2019-07-14
92,70,8,2003-03-23
29,37,2,2017-12-28
15,8,3,2009-11-26
21,76,4,2064-09-26
50,51,5,2046-07-21
43,43,4,2035-12-17
52,62,9,2040-01-13
36,31,1,2039-07-26
65,48,6,2022-10-20
43,82,3,2002-12-04
72,46,4,2047-06-09
73,32,7,2093-05-08
29,55,2,2067-07-25
0,61,7,2078-05-03
76,4,4,2041-03-09
58,29,5,2076-07-16
64,49,5,2063-02-19
46,98,5,2004-07-23
91,36,7,2038-08-05
77,21,6,2078-01-23
69,18,4,2006-03-24
49,85,11,2008-04-18
82,94,5,2056-04-07
49,51,6,2011-08-18
9,74,4,2052-02-13
88,34,6,2095-05-14
34,71,6,2065-12-27
80,39,7,2029-11-20
65,4,1,2084-01-15
23,5,6,2022-06-11
9,40,3,2007-04-14
34,82,9,2046-07-13
5,15,8,2015-06-30
37,74,4,2000-12-12
7,69,6,2039-06-11
93,77,5,2034-09-10
21,14,1,2079-05-23
25,74,6,2004-06-27
0,70,3,2013-05-15
68,55,9,2064-06-03
17,90,6,2043-12-02
37,39,3,2091-12-18
18,68,6,2023-12-23
74,14,8,2042-11-28
25,31,5,2094-07-21
44,36,6,2085-05-19
40,5,5,2063-05-02
88,24,7,2013-11-15
93,96,4,2063-11-06
98,99,6,2097-04-18
59,74,8,2073-08-08
41,25,3,2045-01-07
34,0,5,2055-07-19
4,90,5,2052-02-25
12,94,4,2056-11-07
30,15,3,2099-11-24
88,58,6,2003-05-30
11,16,4,2080-08-15
86,69,6,2085-10-14
86,38,5,2006-03-23
39,28,8,2045-07-20
82,71,3,2071-03-28
91,31,5,2093-05-24
37,86,9,2064-12-11
27,43,6,2092-05-12
95,40,1,2037-04-29
51,58,7,2077-08-25
32,99,2,2080-12-28
9,37,2,2038-01-02
74,53,5,1999-10-01
26,35,4,2054-06-13
52,74,4,2007-11-22
30,58,4,2087-11-25
15,78,4,2029-12-28
52,77,5,2027-06-19
33,34,6,2093-01-29
63,78,6,2084-12-21
85,43,7,2066-04-10
93,30,9,2016-06-01
39,0,7,2014-04-08
0,41,7,2052-11-12
4,96,4,2007-01-19
93,90,2,2034-01-30
35,0,6,2026-04-20
49,54,9,2080-12-18
27,43,7,2035-03-15
38,75,5,2031-11-14
76,80,5,2064-09-07
72,64,8,2049-11-04
43,98,6,2049-03-27
27,21,7,2074-11-02
87,15,6,2087-04-11
22,81,4,2021-01-11
93,40,1,2099-02-12
67,89,7,2033-11-21
98,25,5,2091-07-19
85,68,10,2015-02-28
42,20,5,2043-08-03
4,46,13,2099-10-31
77,45,3,2025-06-15
9,2,7,2053-08-07
7,58,2,2079-01-06
11,48,7,2004-06-01
36,47,4,2093-11-14
34,11,4,2069-03-28
8,66,4,2066-05-15
7,98,4,2035-11-25
95,34,7,2000-05-03
34,85,4,2028-05-28
72,4,7,2022-05-21
14,45,4,2013-10-29
20,56,4,2093-06-04
53,25,1,2075-02-08
15,74,11,2060-04-26
11,34,7,2066-04-16
17,35,5,2058-04-14
43,69,6,2025-08-07
28,16,7,2060-12-18
46,14,4,2074-12-09
90,92,2,2086-05-06
49,49,7,2020-08-01
55,44,4,2013-05-24
19,61,6,2065-10-19
22,57,3,2022-10-30
13,11,3,2095-09-21
44,66,7,2016-09-14
19,93,8,2025-04-14
13,56,8,2023-11-25
50,90,3,2087-11-14
92,58,0,2051-11-01
50,7,6,2049-07-25
61,40,4,2088-11-15
93,95,4,2055-05-16
73,32,8,2034-08-14
34,20,6,2028-03-02
88,6,5,2031-08-13
45,67,3,2018-08-26
12,79,8,2021-01-27
84,2,3,2069-08-18
66,99,5,2057-11-04
79,66,3,2074-12-22
48,50,5,2083-09-22
71,30,9,2044-01-29
16,90,4,2070-04-26
31,43,7,2053-10-20
79,91,6,2045-09-14
98,40,2,2074-05-24
7,9,5,2083-08-05
71,47,8,2096-11-27
10,33,4,2037-03-15
84,36,7,2072-08-10
77,98,4,2076-08-20
36,72,2,2069-03-21
98,17,6,2043-09-23
42,96,8,2057-09-15
27,69,6,2077-01-25
84,37,3,2084-02-08
41,94,1,2079-08-11
40,45,1,2003-09-17
5,3,3,2017-02-15
96,45,4,2015-01-29
86,20,6,2063-04-15
95,89,3,2036-01-27
74,90,3,2028-12-13
21,25,6,2076-11-28
55,79,7,2073-11-09
24,1,6,2072-11-22
98,4,2,2072-09-03
48,64,5,2039-01-11
12,75,4,2025-06-14
58,80,7,2090-11-11
36,84,7,2083-04-16
89,96,5,2062-10-18
83,74,6,2094-07-14
16,99,4,2014-05-20
71,38,11,2098-09-20
82,24,6,2031-01-21
97,31,8,2014-05-03
63,44,5,2010-05-13
22,14,4,2025-12-02
30,95,4,2047-04-05
28,18,7,2011-06-07
6,61,4,2023-02-01
33,64,5,2054-04-15
19,59,8,2006-01-15
99,29,5,2013-01-10
12,71,3,2038-07-28
69,38,2,2087-01-06
70,42,4,2039-04-23
60,95,4,2072-07-19
81,23,2,2007-07-08
50,20,5,2042-03-19
98,8,2,2043-03-21
20,78,4,2009-04-15
74,73,3,2075-09-10
53,4,4,2044-01-11
20,11,2,2040-10-29
91,76,2,2031-07-02
28,87,2,2021-10-26
18,1,7,2093-10-16
82,36,3,2088-03-28
69,29,4,2082-08-06
19,90,3,2077-09-11
38,20,4,2049-01-13
50,5,4,2045-03-26
37,27,8,2090-09-18
6,15,7,2066-10-11
80,65,8,2014-12-31
7,43,1,2026-12-16
33,23,6,2059-02-02
95,62,7,2031-05-07
74,0,4,2011-04-23
14,4,5,2060-03-15
26,92,6,2023-08-16
54,65,4,2015-09-30
16,52,2,2056-11-10
62,62,3,2079-12-16
30,70,5,2047-09-21
15,85,3,2089-12-08
4,5,6,2022-08-08
11,18,6,2000-12-15
82,35,5,2087-08-24
53,83,8,2057-08-27
18,85,5,2070-02-09
8,12,10,2052-08-24
53,47,6,2048-07-20
41,54,4,2095-11-12
54,32,6,2038-03-05
27,54,8,2068-11-23
17,97,3,2098-04-30
47,83,7,2035-12-29
6,14,5,2083-05-07
11,2,3,2041-06-05
29,73,8,2020-06-08
73,58,5,2004-11-02
29,22,6,2026-05-30
69,26,2,2064-08-04
63,61,3,2023-12-06
70,50,3,2073-12-04
53,84,6,2026-02-25
91,54,3,2047-11-24
42,87,5,2019-11-30
82,95,7,2058-02-19
7,49,4,2061-04-29
9,42,7,2041-09-19
88,69,2,2016-10-29
68,27,3,2004-11-25
1,59,4,2031-04-23
66,98,4,2012-03-29
89,48,5,2099-06-11
26,1,11,2046-05-28
96,49,6,2015-09-13
47,38,6,2082-07-07
24,16,8,2030-10-21
40,62,5,2041-03-26
9,75,7,2065-09-09
35,70,2,2075-05-09
43,15,8,2007-04-10
9,72,2,2058-05-22
58,63,3,2004-06-09
2,22,5,2070-03-08
49,77,5,2081-06-25
70,79,5,2014-08-22
90,91,1,2014-02-15
92,64,10,2091-11-21
55,8,6,2059-03-26
23,63,6,2068-12-24
65,83,7,2099-12-27
91,66,8,2008-11-18
16,79,4,2054-04-23
99,13,3,2076-04-19
85,68,6,2033-01-22
12,39,7,2019-09-24
89,89,6,2076-11-25
74,70,8,2095-02-14
44,9,3,2024-12-05
13,77,5,2056-09-20
72,38,7,2084-02-23
58,40,6,2073-11-19
22,67,7,2032-12-14
63,76,8,2081-07-13
98,65,5,2053-10-04
2,24,9,2071-01-18
37,10,0,2078-05-09
32,1,5,2056-03-11
75,50,5,2089-02-12
27,70,3,2065-06-26
20,14,8,2011-06-13
64,26,3,2077-08-01
25,45,5,2049-04-12
81,79,4,2077-02-18
42,41,7,2045-12-29
19,41,8,2073-09-17
63,18,2,2016-01-31
63,60,9,2097-02-15
21,29,6,2008-04-01
62,68,0,2055-12-28
29,51,6,2056-04-17
20,44,4,2063-01-29
52,62,8,2050-11-16
62,35,6,2054-03-15
6,21,4,2010-08-23
30,8,3,2003-01-05
35,39,5,2097-03-20
89,17,4,2091-09-28
76,62,4,2085-11-14
84,11,4,2057-08-08
27,11,5,2004-04-19
10,54,2,2082-01-23
74,53,2,2002-04-19
1,21,3,2074-09-01
40,36,3,2023-08-28
60,68,6,2068-07-24
93,47,3,2024-04-22
33,19,7,2081-09-22
95,65,7,2068-11-06
44,21,4,2059-03-27
16,44,1,2083-12-20
20,14,5,2031-02-28
74,57,4,2043-07-04
94,49,5,2093-08-29
38,11,5,2008-05-16
70,80,4,2087-07-14
57,51,6,2045-12-11
19,63,3,2000-04-06
84,67,5,2042-01-23
67,39,8,2006-06-26
73,0,7,2072-10-31
26,80,7,2006-07-28
82,83,3,2067-01-08
79,88,5,2031-05-23
27,66,5,2095-04-01
42,80,6,2020-06-26
91,26,2,2018-02-14
39,52,7,2079-09-27
72,35,4,2050-05-12
26,99,3,2036-10-05
26,15,1,2012-06-22
86,73,6,2042-01-23
33,84,8,2002-02-11
99,47,7,2031-08-06
55,39,6,2058-06-15
61,45,5,2052-12-14
48,17,8,2086-04-24
32,74,4,2022-05-25
60,2,5,2004-10-07
42,72,3,2080-10-25
31,37,7,2038-03-12
78,72,4,2031-04-07
87,43,5,2052-04-05
94,55,3,2047-06-10
79,34,8,2062-12-11
96,59,3,2010-12-03
70,99,8,2064-02-13
15,18,1,2004-02-07
23,14,5,2076-09-17
80,79,10,2080-07-29
67,43,2,2017-01-25
0,63,3,2088-01-20
29,27,1,2095-01-06
95,20,4,2008-10-31
16,62,10,2028-07-12
22,24,4,2040-03-26
37,4,4,2001-03-06
21,21,5,2013-03-11
3,24,7,2019-12-15
18,97,9,2037-05-07
92,26,5,2025-07-09
33,38,5,2068-12-14
23,20,5,2057-10-06
68,94,6,2002-02-22
95,13,4,2050-04-02
15,28,8,2081-04-01
8,82,7,2052-08-14
39,43,5,2037-11-18
1,40,6,2081-03-19
58,24,3,2078-11-07
20,45,1,2015-12-15
7,2,6,2011-10-07
87,54,7,2069-03-03
85,14,8,2050-11-24
92,31,3,2081-11-06
54,42,6,2051-11-15
35,54,5,2075-06-28
39,26,3,2044-09-21
66,53,4,2083-12-03
54,92,8,2006-07-26
97,33,3,2063-07-01
6,79,3,2032-09-13
88,8,6,2075-02-07
72,48,4,2024-11-18
68,63,6,2017-10-28
13,1,5,2093-02-06
73,5,7,2012-01-19
2,58,7,2005-05-19
44,57,5,2096-02-24
70,42,3,2073-07-04
13,41,5,2085-05-02
56,20,6,2014-10-20
34,97,3,2075-01-12
17,66,4,2074-05-25
27,37,5,2066-12-08
44,85,3,2038-09-14
50,13,6,2032-08-06
36,56,7,2082-08-15
15,12,7,2046-10-21
23,68,4,2080-07-26
81,65,4,2054-03-22
17,43,5,2052-12-18
80,42,3,2037-07-08
53,39,8,2038-12-28
97,56,7,2086-07-31
77,79,3,2061-03-13
90,50,7,2096-03-14
56,30,12,2083-08-18
41,96,6,2038-08-28
20,52,5,2076-02-16
78,94,1,2074-04-30
70,58,2,2045-03-17
31,31,9,2067-06-27
37,15,3,2010-10-05
80,31,6,2055-07-30
78,12,3,2051-11-08
58,60,4,2023-06-11
53,85,6,2034-08-12
32,5,7,2040-05-20
17,92,8,2000-06-22
97,67,6,2011-01-08
47,50,0,2059-09-10
79,96,6,2024-06-21
9,13,3,2093-01-21
78,28,5,2091-05-06
16,84,3,2093-07-18
43,61,7,2066-01-17
26,59,6,2041-11-06
85,16,7,2016-08-05
27,43,5,2026-07-31
8,37,3,2047-08-13
56,81,3,2010-12-28
93,18,5,2071-06-03
41,39,6,2074-04-07
31,26,1,2022-02-25
77,24,4,2090-10-17
71,18,6,2047-12-15
45,32,1,2097-10-25
19,38,4,2026-10-03
34,12,8,2099-12-08
43,49,7,2009-04-05
39,44,4,2023-06-07
63,6,3,2050-09-23
29,32,8,2011-12-30
78,43,3,2000-12-06
1,57,5,2012-08-29
22,42,7,2095-04-16
34,43,4,2037-04-21
96,14,7,2089-05-17
15,33,5,2097-09-27
36,25,6,2089-12-16
37,12,6,2020-09-12
80,72,4,2074-02-16
81,27,4,2083-05-12
26,47,6,2091-06-11
25,19,5,2047-04-26
74,51,5,2012-11-18
74,86,5,2080-01-02
40,49,6,2022-07-29
57,7,5,2072-11-13
74,63,2,2058-12-19
35,24,2,2046-06-05
17,66,5,2092-03-22
25,57,6,2080-02-22
13,90,5,2069-02-25
2,56,8,2021-01-01
87,67,4,2060-11-21
91,71,5,2036-10-10
75,51,5,2036-07-14
49,38,4,2097-09-16
11,24,5,2074-09-16
44,4,4,2022-12-14
39,58,5,2079-07-08
6,95,7,2080-04-20
28,16,7,1999-12-02
34,88,6,2020-09-13
78,65,3,2038-08-14
86,8,2,2040-08-29
5,35,3,2088-04-07
22,59,3,2034-11-23
28,88,6,2092-05-09
21,30,1,2017-09-21
92,93,5,2025-02-05
60,85,5,2016-05-24
11,32,7,2076-09-30
89,18,9,2036-01-20
35,45,2,2054-07-13
6,79,3,2037-08-08
2,28,2,2027-09-01
77,7,6,2004-02-13
41,61,8,2096-05-05
16,64,4,2010-07-19
63,48,3,2037-08-17
50,7,10,2089-12-02
40,7,4,1999-11-10
0,6,5,2081-02-12
1,10,5,2042-04-12
22,67,3,2010-07-30
49,73,3,2089-05-26
20,94,6,2074-03-06
71,54,3,2083-08-13
19,80,5,2049-05-23
82,37,3,2026-03-11
32,26,4,2013-04-23
99,75,5,2009-05-06
44,67,5,2091-12-18
12,98,3,2020-02-13
19,64,5,2068-05-16
61,64,3,2019-02-10
69,84,6,2042-08-25
38,87,3,2020-01-31
90,83,3,2098-10-26
84,9,4,2071-11-03
17,92,1,2036-07-02
47,22,4,2024-11-29
92,18,5,2002-10-10
56,81,2,2053-06-14
68,29,5,2015-11-28
93,44,4,2025-10-29
83,97,3,2009-04-17
13,81,3,2057-12-26
68,58,6,2044-04-28
67,49,11,2074-06-17
15,83,4,2096-10-22
23,52,4,2029-10-20
6,17,3,2007-05-14
76,37,5,2010-11-05
25,68,4,2061-05-08
14,30,8,2075-04-05
24,20,7,2051-01-31
32,93,6,2000-10-24
37,61,4,2043-03-31
38,8,2,2058-05-13
26,29,0,2060-11-15
54,6,7,2040-03-06
79,26,9,1999-07-10
39,8,3,2075-01-02
86,38,3,2087-01-16
91,45,4,2057-10-28
83,81,6,2048-02-23
21,59,3,2080-06-06
23,67,12,2014-11-06
77,10,2,2033-12-20
2,4,4,2077-08-09
86,94,5,2089-08-14
45,88,1,2040-07-31
3,58,4,2081-12-22
27,56,5,2074-03-19
67,73,1,2092-03-07
68,57,9,2030-11-19
47,71,4,2070-12-03
41,28,0,2020-09-01
54,16,8,2092-12-08
45,16,4,2040-09-23
54,71,10,2012-01-14
39,31,8,2036-05-20
56,94,2,2036-09-02
62,22,7,2034-06-22
13,0,3,2024-02-28
7,80,1,2051-10-14
28,22,2,2067-04-04
92,43,5,2055-03-08
3,94,5,2094-05-11
29,40,4,2002-06-21
82,64,2,2071-04-08
67,74,3,2012-03-22
12,88,8,2011-04-02
94,2,4,2083-03-31
59,1,2,2081-10-15
33,18,4,2096-01-23
40,76,4,2062-12-22
24,80,3,2085-04-01
14,8,2,2078-11-29
94,60,4,2090-11-03
54,84,8,2066-12-07
70,23,5,2065-07-01
64,77,6,2014-10-04
56,35,6,2058-09-06
0,25,1,2040-08-12
53,84,7,2049-11-05
51,0,5,2029-01-11
24,3,4,2085-10-09
12,74,5,2030-02-14
65,85,6,2081-06-24
90,34,8,2047-10-13
16,39,2,2024-03-18
29,14,5,2019-09-12
92,77,8,2022-11-16
95,39,5,2078-03-07
12,7,1,2089-10-21
41,9,2,2011-10-15
72,26,6,2088-06-30
15,28,3,2022-02-02
35,60,3,2038-12-22
30,23,4,2040-11-09
54,59,10,2034-05-22
70,62,4,2089-09-14
44,46,6,2075-09-30
68,44,7,2065-03-12
94,73,6,2032-10-21
71,23,8,2086-07-22
97,93,7,2001-07-15
23,58,6,2028-09-11
35,89,9,2004-10-08
87,44,7,2052-09-30
80,30,4,2094-09-24
91,47,11,2038-07-08
88,23,2,2090-10-11
60,40,3,2053-07-13
72,1,8,2049-11-11
71,55,9,2000-03-22
21,65,4,2010-10-06
6,14,9,2078-10-05
59,46,9,2076-05-28
2,94,8,2042-01-19
81,94,1,2025-01-31
8,4,5,2073-04-21
71,88,11,2078-01-31
17,12,10,2067-04-15
69,50,2,2081-09-21
49,44,4,2096-10-27
46,4,3,2063-03-14
62,73,2,2081-06-26
44,49,8,2039-04-02
95,45,4,2044-04-23
25,7,6,2052-04-14
17,18,3,2003-11-02
43,26,5,2063-04-05
96,87,3,2008-08-24
86,34,8,2090-02-01
74,55,7,2039-02-26
51,96,6,2085-03-21
73,47,7,2048-07-22
70,35,6,2055-10-17
54,90,2,2090-02-04
86,71,6,2069-07-26
81,29,8,2097-07-16
18,3,7,2034-08-13
60,89,11,2005-07-28
20,61,6,2039-12-10
4,37,4,2070-12-17
93,64,4,2018-01-05
91,33,3,2058-10-31
51,48,2,2013-10-03
51,70,9,2040-01-12
64,25,7,2075-09-25
61,22,5,2048-05-22
90,58,4,2047-09-07
42,83,4,2021-11-22
73,54,7,2014-11-10
71,37,1,2059-04-05
95,6,4,2080-02-20
3,60,4,2013-06-07
66,9,9,2057-11-07
60,78,5,2092-11-03
95,70,5,2086-10-14
72,58,2,2026-09-11
99,31,7,2044-06-09
98,28,4,2052-10-31
82,85,5,2076-02-21
77,60,4,2089-06-16
31,23,4,2093-05-16
20,83,2,2052-12-13
62,85,4,2023-03-08
71,82,4,2056-09-01
43,97,3,2013-08-21
1,54,9,2012-02-09
47,62,8,2078-03-09
13,99,2,2052-08-02
36,18,8,2039-03-04
46,6,4,2019-10-17
0,69,11,2060-11-30
27,80,6,2012-11-05
42,5,4,2031-02-28
4,48,7,2018-11-06
73,23,1,2001-11-21
89,65,6,2032-01-18
89,68,2,2013-07-31
46,41,5,2085-11-18
73,4,8,2073-08-27
40,80,7,2058-10-07
82,40,6,2051-06-06
55,75,6,2018-05-24
87,13,3,2028-07-09
70,9,5,2058-09-28
91,4,3,2056-10-28
91,90,6,2017-11-01
34,84,2,2007-04-04
48,54,6,2000-04-29
59,69,5,2084-09-24
32,76,6,2045-04-13
2,9,3,2007-08-12
96,5,6,2038-12-01
30,90,4,2045-09-21
13,38,3,2082-04-13
73,58,4,2086-02-12
85,90,5,2002-12-18
23,83,0,2048-08-21
59,95,6,2057-12-07
20,38,4,2089-12-28
13,8,3,2019-01-21
54,39,1,2094-05-26
21,9,3,2038-10-14
88,53,9,2063-12-06
64,76,6,2036-11-23
14,78,4,2056-04-17
72,86,9,2084-05-06
45,69,6,2022-07-01
29,94,3,2077-07-01
93,88,8,2053-08-16
63,48,6,2071-05-01
70,83,4,2052-01-09
12,9,4,2049-04-17
95,82,9,2090-02-24
8,26,3,2036-12-08
52,67,9,2010-01-08
13,73,4,2003-02-14
96,52,3,2016-04-13
81,95,3,2038-07-21
47,63,2,2063-02-15
47,30,4,2001-08-29
85,75,8,2067-09-05
49,73,2,2098-01-07
94,95,5,2009-11-28
96,96,5,2008-09-02
15,13,8,2036-11-16
68,22,7,2081-02-04
21,57,4,2002-10-07
99,62,7,2062-05-06
68,17,7,2075-05-16
3,6,5,2096-11-09
45,6,6,2041-03-25
92,19,4,2024-10-17
33,42,1,2022-08-29
99,97,2,2019-06-10
71,93,5,2060-05-12
68,56,5,2016-12-13
99,29,3,2016-09-26
10,76,4,2054-01-27
1,42,3,2045-01-30
50,12,7,2089-04-22
36,25,4,2006-06-01
72,37,2,2000-09-03
89,81,8,2020-10-20
49,6,3,2093-05-24
39,90,9,2053-01-04
56,35,3,2063-01-14
77,86,5,2088-06-06
54,47,5,2034-05-28
86,24,1,2048-01-24
31,2,9,2087-06-19
76,83,6,2012-01-24
43,39,6,2056-06-07
92,88,4,2050-03-30
23,41,7,2038-09-13
21,31,5,2055-01-07
90,94,9,2047-05-25
74,91,7,2092-03-14
9,39,4,2096-06-14
91,93,5,2028-10-08
84,43,6,2070-09-07
91,1,6,2054-10-21
63,77,8,2095-07-12
12,86,2,2014-04-15
96,31,3,2088-04-01
85,87,5,2031-03-07
44,76,10,2007-09-25
14,38,9,2041-09-08
85,66,4,2060-04-19
0,34,7,2018-08-12
98,33,3,2071-03-27
69,60,4,2026-02-16
64,48,4,2096-02-18
55,17,1,2069-10-21
23,74,5,2003-03-03
66,36,6,2070-08-20
65,35,5,2064-12-21
81,17,4,2017-07-19
87,59,4,2073-09-30
35,21,5,2035-01-09
22,32,6,2037-01-08
35,5,5,2075-08-02
32,88,3,2005-04-03
80,74,7,2035-12-09
41,50,0,2095-02-13
73,58,3,2043-08-08
86,2,10,2057-11-09
10,79,7,2089-01-08
93,35,8,2020-06-16
3,19,5,2098-07-01
12,34,3,2044-03-30
94,80,3,2016-01-25
84,57,1,2088-12-30
55,93,0,2046-08-24
15,68,3,2046-12-26
34,6,1,2040-09-02
5,73,8,2086-03-14
29,8,5,2052-02-24
37,27,6,2067-07-29
58,31,4,2012-05-29
53,42,2,2050-07-27
45,34,5,2091-11-06
34,30,5,2052-07-03
15,4,4,2051-09-08
99,43,2,2003-11-05
49,25,3,2045-01-08
18,17,3,2084-11-06
90,52,6,2077-09-20
23,95,3,2054-12-16
28,88,3,2056-05-15
63,84,7,2061-04-17
97,72,4,2001-01-03
2,81,3,2071-04-04
95,71,4,2053-01-24
62,70,10,2062-07-18
79,88,6,2061-10-05
56,12,2,2065-10-15
94,14,7,2038-11-08
27,63,6,2064-05-30
27,56,4,2068-05-14
22,89,6,2092-02-11
48,24,7,2079-04-06
41,77,7,2067-10-18
79,16,2,2065-09-10
70,10,0,2038-01-07
87,27,8,2096-11-18
87,9,4,2028-06-14
79,85,5,2055-10-20
32,19,6,2081-10-10
29,36,6,2054-12-09
85,66,3,2011-08-20
32,70,8,2018-05-28
28,70,7,2030-12-17
62,4,9,2087-01-04
77,35,4,2096-05-15
19,41,3,2015-05-16
4,86,6,2047-01-03
93,73,3,2053-12-24
20,59,5,2014-05-22
37,77,5,2083-10-13
82,40,0,2015-04-23
10,73,5,2014-03-08
57,54,7,2046-12-31
56,61,3,2080-11-27
47,94,6,2043-11-30
27,50,6,2032-11-12
15,22,6,2057-06-01
59,23,0,2050-01-22
27,93,8,2075-10-05
17,70,7,2007-02-06
34,69,7,2097-07-21
92,63,5,2088-04-05
9,67,7,2037-12-13
64,2,4,2007-05-14
83,72,7,2022-08-17
9,77,2,2054-03-11
74,27,4,2063-07-14
46,18,5,2092-09-12
60,4,4,2070-12-24
17,41,5,2005-07-26
1,27,3,2013-08-02
0,65,4,2083-03-07
23,66,7,2086-08-14
58,40,2,2086-10-11
98,28,8,2038-04-21
79,26,7,2053-05-19
57,0,5,2064-01-31
12,20,7,2065-10-05
5,88,4,2012-08-10
95,97,9,2026-12-27
71,96,4,2019-01-16
25,59,5,2096-08-24
91,80,3,2021-10-15
43,49,7,2095-09-21
80,3,5,2074-09-18
8,60,8,2075-08-26
38,5,3,2087-08-27
8,17,3,1999-07-18
66,86,1,2016-12-12
35,44,4,2063-04-29
63,94,11,2050-04-14
21,49,5,2043-04-21
97,68,4,2012-05-06
36,66,3,2052-05-16
3,10,6,2006-03-19
31,53,7,2044-02-14
12,66,2,2080-11-14
52,78,6,2000-07-24
43,89,6,2059-04-21
21,28,8,2039-10-28
7,15,6,2062-01-14
94,33,8,2059-06-15
65,75,6,2045-04-12
55,55,3,2038-01-11
56,62,5,2009-03-01
88,7,11,2089-04-08
99,13,3,2005-10-06
49,36,5,2076-08-25
34,85,5,2041-11-27
0,38,2,2091-01-26
28,39,4,2007-03-29
66,49,4,2029-09-06
59,76,7,2087-04-07
24,20,5,2058-03-21
41,94,7,2033-06-08
57,68,2,2049-11-20
90,28,9,2024-10-23
6,50,11,2021-11-24
72,81,5,2069-09-10
98,98,3,2012-04-28
75,80,7,2067-02-14
92,75,7,2012-05-13
46,31,3,2080-11-06
55,77,8,2080-03-02
4,66,5,2034-11-28
92,61,6,2031-09-25
59,65,3,2040-11-03
64,63,5,2062-08-22
20,28,3,2006-09-28
96,75,7,2075-01-24
45,23,8,2016-03-03
5,56,5,2043-08-26
2,77,7,2068-11-10
97,39,4,2067-01-29
82,38,8,2029-09-18
2,30,6,2081-04-24
38,4,6,2050-01-08
82,58,8,2086-01-08
88,85,10,2068-09-20
44,24,4,2009-08-10
34,57,3,2048-01-26
93,12,6,2070-08-14
85,75,4,2072-03-13
87,0,2,2060-04-26
86,22,9,2014-11-10
92,74,8,2018-07-12
62,21,3,2094-10-01
66,8,9,2060-07-19
21,1,5,2012-02-21
24,77,8,2086-07-12
80,36,6,2082-11-14
62,13,7,2012-12-10
7,96,5,2062-12-11
52,66,5,2086-12-03
79,36,6,2096-03-25
38,6,4,2098-03-27
71,76,9,2088-11-14
0,18,2,2072-01-10
92,34,8,2035-04-01
89,59,4,2075-11-05
77,58,2,2012-06-19
21,2,8,2011-05-21
12,40,3,2090-11-29
15,9,1,2073-11-30
45,38,6,2045-06-29
95,42,8,2036-11-27
51,0,6,2089-10-25
28,97,2,2022-05-10
24,4,4,2026-04-01
27,71,6,2034-01-21
54,99,10,2042-05-19
18,96,8,2049-06-20
13,89,3,2060-09-29
64,20,5,2033-11-30
49,17,5,2022-04-17
20,81,4,2082-02-27
40,37,5,2042-10-19
62,92,6,2018-07-23
30,8,6,2063-11-26
86,71,4,2057-06-18
32,43,4,2013-11-08
5,15,4,2012-12-04
17,18,7,2035-10-25
53,46,3,2003-08-20
86,91,7,2062-11-29
97,24,7,2092-02-04
99,80,5,2069-03-26
29,3,10,2037-08-06
28,79,3,2012-08-17
54,81,5,2064-12-25
89,91,4,2093-11-28
83,91,2,2064-05-30
33,40,2,2057-03-18
52,92,5,2006-03-27
22,72,5,2055-08-04
82,40,6,2095-12-07
25,96,5,2047-08-28
84,37,7,2039-07-03
26,83,4,2023-11-26
98,63,6,2034-01-13
19,80,9,2039-07-16
3,93,4,2045-06-14
84,24,8,2003-12-17
24,26,5,2026-08-14
30,12,7,2061-02-16
52,51,3,2075-02-01
78,71,4,2080-12-23
34,78,6,2082-12-11
55,55,8,2041-01-28
6,62,4,2012-07-09
95,6,6,2062-11-06
46,56,5,2080-04-19
76,17,3,2076-10-06
22,78,2,2031-07-02
91,12,6,2084-07-07
51,25,2,2081-10-13
66,59,3,2054-06-21
81,90,3,2038-03-16
80,15,3,2084-07-12
4,82,5,2052-10-20
4,25,10,2049-06-01
44,62,6,2099-02-04
20,62,7,2013-03-21
98,41,6,2072-04-23
10,6,4,2041-06-22
84,90,4,2021-12-18
20,83,4,2055-07-30
44,72,7,2075-01-21
3,47,5,2066-03-24
76,11,3,2028-09-05
71,5,4,2068-02-06
10,62,6,2089-03-03
90,33,6,2089-05-24
84,33,3,2001-03-26
99,7,5,2002-10-24
78,46,5,2052-08-04
22,65,8,2069-04-01
69,50,2,2010-12-06
48,52,4,2066-12-14
90,71,6,2063-06-16
38,87,6,2075-01-20
96,50,5,2094-07-08
82,84,4,2066-02-09
33,19,7,2041-08-31
48,45,5,2013-04-18
76,30,12,2075-08-26
30,54,0,2076-08-10
24,62,5,2097-10-24
77,28,3,2011-11-23
13,12,4,2076-03-21
4,45,6,2018-09-11
80,5,6,2078-10-29
98,93,2,2031-06-11
26,34,7,2028-05-15
40,36,4,2049-01-18
78,40,4,2092-03-01
26,54,4,2073-08-11
52,84,3,2069-04-11
77,93,6,2060-01-18
0,48,4,2020-04-26
63,22,3,2042-04-13
58,47,3,2056-10-27
60,3,5,2004-01-04
52,5,6,2084-06-13
58,60,4,2037-03-01
25,90,6,2022-08-28
43,1,4,2057-05-31
33,15,4,2033-06-22
67,3,4,2002-05-02
9,62,5,2049-03-25
58,99,5,2015-08-03
39,60,5,2065-01-23
9,3,4,2064-06-27
24,71,7,2062-12-01
13,67,6,2024-06-23
27,48,5,2093-02-22
74,91,7,2044-01-07
60,79,7,2091-06-22
67,3,10,2087-07-09
32,60,5,2007-01-27
46,31,6,2075-03-01
97,57,4,2025-10-14
14,40,5,2024-01-29
64,45,3,2052-08-25
66,48,6,2014-09-04
56,35,7,2000-07-06
13,9,7,2004-10-01
84,15,12,2026-07-31
41,6,4,2015-11-19
75,80,1,2004-11-12
22,9,5,2031-04-02
99,64,4,2026-04-23
60,38,7,2014-12-24
20,76,4,2074-09-15
39,24,5,2029-03-30
78,38,5,2011-10-10
5,7,5,2088-07-20
45,56,4,2089-01-04
7,16,8,2085-01-05
8,61,1,2067-04-24
22,65,5,2068-11-18
66,91,7,2003-01-03
1,25,3,2091-08-29
3,56,1,2049-04-13
5,2,4,2042-12-19
63,26,7,2001-12-15
51,68,5,2054-10-30
94,51,4,2029-03-24
60,18,6,2056-02-18
6,23,7,2055-09-19
88,4,6,2063-01-18
62,59,5,2067-09-02
47,79,4,2051-01-03
6,31,4,2032-02-23
8,7,5,2092-04-04
35,23,10,2027-10-01
95,15,10,2016-05-06
76,71,2,2051-12-17
85,60,3,2028-03-27
17,37,5,2008-01-20
13,33,14,2048-09-21
76,65,4,2076-02-21
55,69,5,2051-01-05
86,85,4,2044-11-24
17,16,5,2012-06-15
79,79,3,2096-06-24
47,57,3,2029-03-17
47,63,5,2085-03-25
81,88,6,2052-03-11
20,76,4,2012-04-29
5,89,1,2078-07-01
13,8,8,2057-08-30
6,47,7,2007-08-02
2,88,10,2003-01-12
53,74,2,2070-01-06
64,45,5,2069-06-20
34,79,7,2085-07-02
80,75,5,2097-02-09
39,0,4,2072-09-14
26,79,4,2023-07-18
61,45,8,2054-01-05
26,88,9,2092-12-12
88,25,2,2039-07-30
14,37,7,2094-02-07
52,72,4,2027-05-04
38,25,9,2027-12-25
57,53,6,2021-10-04
66,52,8,2055-03-18
61,25,1,2075-05-17
99,20,4,2036-02-25
54,2,3,2005-05-20
67,27,5,2035-06-17
9,27,3,2010-01-22
67,97,4,2071-12-20
44,6,3,2026-08-23
30,58,5,2063-05-31
49,88,9,2078-09-21
58,5,4,2032-01-20
49,82,2,2047-08-22
85,45,8,2022-03-18
90,56,9,2052-10-23
4,33,4,2024-01-13
21,71,7,2060-03-24
77,21,4,2061-10-29
94,97,10,2083-11-06
97,18,5,2071-06-18
9,15,4,2081-05-11
46,5,5,2056-09-14
82,63,6,2058-02-25
26,88,10,2029-11-27
45,79,4,2004-03-04
76,34,8,2001-11-17
63,89,7,2033-01-24
98,24,3,2035-02-09
12,43,4,2058-08-29
78,30,2,2001-09-18
5,30,9,2076-02-28
40,11,2,2048-01-26
36,27,5,2064-09-11
14,48,4,2016-02-06
39,1,2,2002-07-29
72,74,1,2012-04-27
68,48,7,2076-05-05
6,85,2,2071-07-27
46,6,5,2045-04-10
14,52,9,2014-08-02
33,22,4,2091-06-04
9,10,8,2066-11-13
31,23,10,2025-08-16
71,26,6,2021-10-20
1,80,6,2023-04-03
51,59,0,2038-06-11
63,2,3,2043-10-12
65,84,6,2030-08-05
74,4,9,2065-09-25
83,50,6,2005-12-04
38,60,5,2078-02-07
23,97,5,2034-10-08
71,76,4,2019-10-13
70,81,4,2013-06-22
27,69,2,2017-02-01
87,53,5,2024-01-04
93,21,8,2008-04-06
11,76,9,2089-10-15
52,2,4,2034-09-22
62,91,3,2055-12-30
3,78,6,2036-12-20
66,96,4,2079-07-24
18,95,5,2032-07-24
91,51,5,2042-04-07
95,58,5,2000-10-05
1,38,4,2022-10-04
63,47,5,2009-11-27
3,23,4,2094-10-13
32,40,5,2087-03-30
64,62,5,2010-03-18
82,78,3,2043-09-18
3,92,4,2063-10-16
35,28,4,2052-07-20
64,37,3,2084-08-19
49,95,3,2092-10-23
71,36,7,2096-11-22
57,28,5,2003-07-01
30,33,2,2024-09-19
66,52,10,2042-11-12
85,40,4,2076-10-18
79,37,3,2079-05-26
96,22,4,2076-07-26
32,12,2,2086-02-22
86,35,8,2075-05-10
36,4,10,2045-03-31
94,30,6,2073-10-26
66,11,5,1999-10-02
71,17,4,2067-09-20
39,77,6,2035-07-11
52,61,6,2027-06-25
8,85,6,2050-06-17
37,9,5,2028-10-10
19,63,5,2001-01-28
5,18,5,2022-12-01
92,14,7,2082-03-17
75,63,4,2065-11-01
60,8,5,2031-04-21
31,29,7,2068-06-23
87,22,4,2088-05-05
63,7,6,2021-10-05
33,93,5,2048-03-25
58,18,7,2061-04-09
75,45,4,2028-04-28
55,68,7,2092-03-08
80,27,10,2076-04-05
36,40,5,2097-07-23
81,69,6,2088-03-12
66,91,6,2080-09-01
65,76,4,2036-01-21
37,60,5,2050-05-02
55,99,9,2009-06-30
46,32,6,2032-12-07
17,99,6,2017-04-22
49,51,7,2095-08-30
73,67,4,2050-07-08
48,14,7,2076-04-14
19,52,6,2099-07-12
85,10,7,2081-07-25
20,55,7,2030-11-25
20,57,5,2013-03-23
21,62,5,2083-09-18
64,17,5,2022-07-22
41,12,11,2026-10-26
32,12,4,2043-11-04
58,84,7,2029-01-02
8,24,7,2024-02-10
70,77,3,2037-08-18
20,47,5,2015-02-22
55,84,4,2010-01-13
6,38,6,2079-02-18
17,71,3,2099-01-12
63,38,4,2074-07-13
29,0,5,2024-08-31
91,98,7,2082-03-13
77,70,2,2002-06-27
51,93,6,2061-03-06
47,22,4,2040-01-09
88,61,7,2037-05-28
60,0,4,2056-11-16
79,36,5,2087-05-03
38,56,7,2097-01-13
9,50,6,2017-04-01
94,28,8,2059-05-20
46,41,7,2027-01-18
24,95,7,2057-11-08
26,86,4,2020-12-30
95,65,5,2022-04-07
93,8,5,2074-01-24
33,69,5,2091-08-21
35,86,3,2005-07-22
31,91,9,2002-01-25
55,34,5,2076-03-23
79,21,2,2095-09-24
23,32,2,2040-07-17
35,7,3,2028-04-18
79,74,3,2079-05-28
23,56,2,2060-11-30
76,70,5,2081-12-09
81,27,3,2003-09-20
85,46,5,2013-02-02
29,68,1,2030-02-04
0,19,4,2011-07-03
92,73,4,2063-10-16
13,11,4,2058-09-03
44,76,6,2048-05-24
54,9,4,2065-03-25
20,15,4,2022-08-01
5,53,6,2094-09-01
14,99,9,2099-10-13
56,27,4,2080-06-20
56,45,6,2028-10-01
4,83,7,2006-01-09
57,68,8,2073-01-30
62,59,5,2052-09-14
77,32,3,2003-07-04
31,22,4,2038-10-17
99,72,5,2061-08-20
90,46,4,2062-07-02
26,13,4,2079-01-31
70,70,5,2055-09-04
16,88,8,2057-01-06
44,31,3,2050-04-03
69,68,5,2061-02-06
80,87,2,2000-11-13
33,78,3,2015-06-26
0,28,4,1999-07-18
19,74,13,2013-04-06
20,38,6,2048-07-30
5,70,6,2055-03-30
93,24,2,2066-01-30
49,23,4,2065-07-10
98,88,3,2053-10-19
73,85,3,2093-09-05
3,90,5,2075-07-05
11,78,5,2007-03-07
6,46,8,2056-02-11
16,17,4,2031-05-02
71,16,3,2031-12-10
77,68,7,2020-07-31
76,35,5,2069-07-24
92,42,6,2035-09-21
92,55,4,2046-03-16
58,52,5,2006-08-23
82,40,3,2078-03-30
16,94,3,2035-05-05
24,77,2,2095-12-24
43,44,7,2025-10-03
63,82,4,2004-04-15
66,14,9,2063-07-08
3,54,5,2097-12-21
40,24,3,2027-09-24
8,97,3,2086-08-31
45,3,12,2035-02-23
19,32,5,2068-03-21
7,43,5,2054-12-18
29,82,8,2001-01-17
20,66,7,2096-02-22
24,23,6,2041-10-28
39,52,4,2076-11-07
25,82,3,2071-08-31
55,72,8,2031-02-25
80,15,10,2003-12-29
33,87,5,2080-05-26
39,42,12,2076-03-18
82,33,5,2062-04-10
46,70,5,2097-02-09
62,77,12,2065-05-16
56,67,5,2026-09-12
57,46,8,2059-02-09
72,17,3,2025-11-20
68,59,8,2055-01-03
93,59,8,2069-06-16
82,95,10,2054-10-30
39,58,2,2074-09-29
5,79,5,2063-07-01
17,87,8,2070-11-25
50,79,8,2012-02-15
61,45,5,2000-11-20
60,89,6,2073-05-05
75,25,4,2083-07-17
88,95,3,2040-03-02
31,13,6,2021-12-28
16,14,6,2013-05-27
57,41,3,2036-01-07
63,81,8,2087-10-18
30,29,3,2083-05-13
83,13,5,2062-04-15
55,4,5,2001-04-05
82,39,9,2000-11-29
67,8,4,2079-11-04
78,85,5,2064-12-02
70,43,5,2028-09-26
35,49,4,2097-07-24
16,76,5,2011-08-26
77,25,3,2079-09-21
27,10,4,2044-02-27
16,48,9,2018-11-05
44,74,6,2094-07-21
51,46,13,2040-10-20
81,50,5,2041-09-17
52,52,5,2052-06-01
18,82,8,2007-05-23
11,98,3,2016-06-14
41,58,6,2061-03-03
10,12,6,2079-04-12
36,54,2,2056-08-04
70,28,5,2037-03-09
89,67,5,2091-06-30
41,46,4,2037-03-31
61,35,6,2053-08-04
78,90,3,2068-07-02
81,26,5,2046-07-03
16,99,8,2005-06-29
0,55,7,2061-12-08
35,47,5,2043-08-14
38,72,1,2052-05-17
43,0,7,2054-11-19
86,74,8,2047-02-16
84,7,2,2008-01-03
33,69,2,2099-12-23
1,43,5,2040-11-09
2,18,4,2033-11-14
46,19,4,2014-02-15
52,20,6,2091-08-18
52,15,5,2017-05-09
92,19,6,2076-12-12
80,80,8,2080-03-14
49,27,3,2042-11-13
21,31,7,2060-07-12
45,27,2,2018-06-12
19,19,6,2040-11-12
94,24,7,2073-11-15
73,40,6,2075-12-19
93,41,5,2079-10-28
46,9,3,2064-01-06
44,92,2,2067-01-06
78,54,4,2004-06-23
70,0,3,2081-05-18
56,1,3,2027-03-19
34,64,1,2004-09-08
5,60,6,1999-07-16
54,34,5,2037-02-15
23,71,2,2036-08-10
52,13,2,2062-06-25
83,13,6,2059-10-10
24,95,8,2083-10-31
50,52,3,2027-09-07
45,26,2,2091-02-28
73,16,14,2011-06-15
95,38,3,2016-04-13
53,85,7,2006-01-18
48,62,10,2054-09-21
41,29,7,2015-02-14
10,83,9,2035-03-30
37,35,5,2086-07-25
27,66,8,2089-08-08
63,87,5,2037-07-12
95,95,4,2007-04-22
47,86,2,2057-06-18
95,16,2,2066-11-15
64,67,3,2060-08-28
70,74,3,2030-04-09
67,31,4,2041-03-18
80,40,6,2083-09-03
28,89,2,2082-06-17
2,8,7,2071-08-22
41,63,3,2048-01-21
87,0,6,2056-01-31
83,58,4,2095-01-23
11,4,3,2052-04-02
68,8,4,2079-08-20
67,3,3,2026-02-08
71,8,6,2067-07-21
33,24,5,2070-07-25
45,90,7,2048-09-25
77,40,5,2093-04-22
72,0,6,2096-05-09
7,67,9,2057-03-23
91,50,8,2082-09-21
79,34,5,2060-06-04
81,21,4,2023-11-24
76,8,7,2004-08-18
78,6,3,1999-11-02
50,46,1,2090-10-30
38,72,5,2043-12-11
60,39,6,2004-02-06
86,8,9,2066-03-06
84,93,3,2061-06-10
78,65,3,2068-09-09
68,10,9,2058-03-27
44,59,8,2038-03-24
46,71,4,2035-08-09
66,0,2,2066-01-07
60,69,6,2062-11-17
55,55,4,2032-11-23
22,1,2,2044-11-04
88,93,6,2043-12-07
86,60,3,2048-06-19
56,12,6,2074-11-25
97,73,6,2066-01-24
24,19,3,2034-11-03
74,90,4,2041-03-17
82,55,6,2019-05-25
28,15,5,2020-10-08
41,59,2,2005-03-09
80,72,5,2056-07-07
30,24,2,2093-06-23
19,48,3,2043-02-14
16,25,6,2085-01-08
86,37,2,2094-09-12
46,43,4,2009-08-07
33,12,4,2086-03-30
46,39,2,2033-11-24
27,69,1,2022-03-29
95,33,7,2090-03-18
8,3,4,2011-06-07
39,7,7,2008-11-25
66,91,2,2007-12-26
43,71,2,2020-03-15
72,52,7,2079-03-26
94,10,2,2055-07-22
39,73,1,2031-04-16
70,94,5,2009-08-28
82,35,6,2066-01-28
93,98,4,2053-12-10
53,69,3,2013-03-02
90,70,6,2083-05-07
42,77,7,2064-04-29
89,85,4,2030-03-07
65,95,3,2031-03-31
36,19,4,2067-11-21
24,13,10,2034-02-08
85,16,3,2032-03-07
73,9,1,2052-02-28
2,43,5,2061-06-20
57,60,3,2059-04-09
88,6,5,2017-01-24
61,24,6,2025-01-29
46,0,5,2032-05-14
42,89,4,2015-04-26
22,64,4,2046-04-24
29,54,4,2015-01-31
2,31,5,2044-06-04
4,51,5,2047-03-17
87,86,10,2068-05-31
60,72,4,2056-01-08
69,53,4,2008-03-24
6,47,5,2076-06-04
41,6,5,2079-07-23
81,64,4,2042-06-11
19,24,4,2082-11-30
36,90,3,2032-08-30
57,64,6,2035-03-05
20,52,4,2061-01-19
63,87,7,2027-07-12
51,77,6,2015-11-30
34,99,7,2063-09-20
71,22,4,2054-02-02
35,49,7,2054-12-21
10,70,7,2033-12-26
14,67,4,2097-01-03
82,59,7,2043-03-20
83,51,10,2018-11-30
92,5,2,2099-09-04
86,92,7,2094-12-26
70,86,6,2047-07-28
35,19,4,2042-11-11
42,41,1,2031-02-02
9,42,7,2031-08-05
29,5,2,2026-03-07
90,6,5,2089-09-09
39,99,5,2058-03-13
16,99,2,2062-01-21
15,17,2,2016-12-21
85,11,4,2009-02-18
7,70,9,2076-11-16
20,69,3,2084-10-10
79,5,6,2018-02-27
41,81,4,2045-08-12
65,72,0,2048-01-24
57,60,3,2036-11-25
65,0,4,2054-07-16
49,6,5,2082-01-13
53,51,5,2068-09-16
48,88,7,2048-04-07
4,74,5,2087-05-14
90,4,10,2087-04-14
80,82,7,2013-04-23
61,21,8,2007-03-21
60,95,3,2070-09-21
4,52,4,2050-11-07
82,5,5,2022-06-01
94,95,4,2084-02-19
3,58,9,2067-05-20
42,71,4,2060-05-05
16,67,3,2032-09-28
88,41,3,2077-06-09
90,57,3,2086-10-03
9,1,7,2096-01-16
58,63,3,2064-03-24
92,98,3,2002-02-15
47,63,3,2023-05-12
97,65,2,2039-08-21
89,75,6,2013-02-17
35,44,1,2041-08-16
1,91,5,2000-01-21
54,60,5,2076-11-25
68,68,8,2073-09-04
96,22,4,2063-03-19
20,49,6,2079-09-14
78,30,4,2057-04-07
47,39,4,2049-06-07
11,78,5,2051-11-15
75,5,4,2016-09-12
28,82,6,2046-02-09
93,98,12,2017-10-09
76,86,4,2020-12-15
99,15,1,2045-12-26
29,68,7,2033-10-10
76,38,4,2001-03-02
77,57,3,2083-12-18
90,72,5,2018-04-10
86,7,1,2043-12-30
95,34,5,2012-06-13
41,48,9,2086-06-15
93,81,8,2088-03-04
13,53,2,2006-01-08
34,89,5,2093-01-07
32,92,3,2095-05-26
23,41,6,2060-10-08
47,28,4,2003-12-25
45,26,6,2080-07-16
40,20,7,2000-02-19
11,61,8,2058-05-17
26,57,3,2088-12-01
0,78,5,2039-07-11
83,69,6,2014-08-07
39,62,1,2029-08-11
77,4,3,2057-04-21
35,9,5,2003-03-06
73,62,9,2040-02-07
45,14,7,2043-08-18
43,79,1,2004-11-24
61,0,7,2024-11-03
91,17,5,2061-03-20
81,14,9,2048-09-07
19,6,6,2071-11-28
99,79,4,2058-06-02
98,25,6,2071-12-15
15,15,7,2033-06-01
66,74,8,2067-08-13
17,20,7,2046-03-12
37,35,6,2049-05-25
51,89,4,2043-03-26
3,45,5,2009-07-22
33,92,9,2049-07-25
41,43,6,2037-08-30
38,78,3,2003-09-16
36,8,4,2007-08-30
98,28,5,2090-01-24
76,47,4,2098-01-23
15,32,5,2002-04-21
42,98,1,2071-07-11
11,51,6,2046-08-26
98,20,1,2036-02-19
50,0,6,2085-10-12
67,3,8,2091-01-20
22,97,4,2067-04-14
72,9,3,2060-04-27
5,99,4,2023-11-27
41,76,3,2054-10-18
90,23,7,2077-01-22
10,68,6,2006-03-03
3,67,5,2069-10-15
80,72,3,2095-12-25
12,17,4,2075-06-04
74,15,2,2057-10-10
59,86,1,2003-11-14
27,2,8,2027-06-08
12,58,5,2064-04-07
11,98,5,2051-03-01
38,27,1,2009-06-26
88,18,4,2050-02-27
6,4,5,2091-05-01
41,4,10,2062-05-24
13,91,6,2013-07-07
25,90,10,2094-05-17
93,54,3,2006-05-31
7,14,8,2086-07-29
59,23,8,2046-08-16
26,96,5,2088-09-16
22,3,7,2010-08-13
97,46,6,2007-10-30
89,56,8,2067-09-02
68,97,5,2087-02-20
43,88,2,2035-11-06
71,69,6,2076-08-01
93,23,5,2032-08-27
19,4,7,2074-06-01
66,66,2,2011-08-04
52,44,9,2090-06-03
97,67,2,2058-10-19
48,98,12,2022-03-24
1,92,6,2077-10-09
9,40,5,2055-10-31
52,62,12,2088-05-17
31,88,8,2065-02-07
39,47,6,2098-08-21
84,60,4,2063-10-06
93,97,7,2033-02-20
68,83,3,2018-10-30
54,86,6,2093-07-31
88,72,3,2031-10-19
35,88,4,2058-11-16
51,98,4,2015-04-09
96,20,3,2068-05-14
84,27,7,2075-03-04
37,10,7,2021-06-29
35,75,1,2073-12-03
71,62,6,2051-03-22
29,29,5,2052-08-11
10,11,5,2055-11-02
24,19,2,2075-06-12
35,86,4,2072-08-15
55,25,6,2047-08-30
23,55,5,2071-06-06
12,44,12,2056-05-10
75,74,5,2053-06-05
33,48,4,2059-11-11
49,49,3,2075-08-13
18,55,5,2029-03-27
39,32,5,2052-07-06
17,7,8,2056-03-12
98,24,8,2070-08-08
75,50,7,2016-10-17
24,78,2,2035-03-26
68,46,9,2037-01-29
67,30,5,2002-05-09
61,93,3,2034-09-12
43,86,3,2023-02-21
0,83,2,2013-09-18
11,10,5,2052-04-12
82,55,6,2044-04-26
41,74,4,2051-07-27
81,42,4,2070-05-13
50,26,6,2090-07-01
43,96,4,2009-01-10
7,60,1,2041-12-02
20,37,8,2033-09-10
10,79,3,2090-04-10
86,69,8,2054-06-14
93,61,7,2089-11-14
72,27,2,2075-11-27
1,26,4,2086-10-30
86,82,3,2019-06-01
7,27,4,2055-10-15
45,71,5,2012-08-28
4,7,11,2008-03-04
56,30,6,2011-01-12
85,61,6,2012-03-26
30,5,3,2008-10-26
39,24,6,2036-08-04
45,54,3,2029-02-25
44,76,6,2085-04-12
23,85,5,2029-03-14
38,49,5,2007-04-09
25,86,11,2068-03-14
61,21,5,2094-08-16
69,46,8,2014-03-29
84,98,5,2049-01-14
96,87,3,2078-05-03
11,38,3,2008-12-07
25,0,10,2016-09-24
98,45,3,2013-09-29
52,56,7,2064-12-25
4,20,6,2086-03-20
48,19,11,2084-10-05
40,27,8,2038-01-06
95,15,1,2007-09-13
47,67,5,2027-08-15
89,54,2,2017-08-13
63,56,2,2043-12-01
4,23,3,2080-11-05
26,41,9,2043-11-20
80,39,5,2000-03-09
44,42,4,2025-03-21
73,67,7,2041-04-25
79,9,6,2083-08-21
17,15,9,2072-04-27
86,36,5,2041-06-15
67,50,3,2044-11-13
18,63,4,2038-11-02
68,41,6,2050-10-21
22,75,8,2013-10-19
54,43,2,2065-05-31
89,63,5,2025-11-26
30,50,4,2026-07-21
86,47,8,2030-07-10
37,55,4,1999-09-27
63,57,8,2009-04-05
58,65,6,2036-10-05
51,70,3,2030-05-07
26,20,5,2037-07-04
52,51,0,2031-05-20
27,1,9,2049-09-25
62,45,6,2081-04-08
64,16,5,2077-08-31
62,57,2,2002-09-10
7,50,3,2007-06-10
41,45,3,2094-12-07
89,63,6,2091-09-26
38,16,2,2059-04-04
65,33,5,2064-11-19
5,2,3,2002-03-20
90,73,5,2012-06-03
27,51,5,2091-07-24
25,95,5,2074-03-02
8,5,2,2018-01-23
6,93,4,2050-11-22
85,99,1,2031-12-01
88,86,8,2023-10-17
23,47,4,2003-08-10
84,15,6,2097-12-17
18,2,6,2037-08-31
24,64,6,2027-10-26
79,74,5,2028-12-05
91,43,3,2009-11-27
96,83,2,2001-10-16
32,8,6,2046-09-08
12,60,8,2056-10-08
67,21,3,2019-05-09
81,51,4,2003-03-23
51,6,4,2088-04-18
75,13,3,2006-02-13
90,3,2,2073-12-31
76,21,7,2043-02-21
23,96,4,2023-08-17
79,41,2,2026-01-24
30,62,10,2085-01-24
49,1,7,2050-09-04
26,78,1,2074-03-08
57,50,2,2012-02-18
31,87,4,2085-09-09
72,82,6,2016-10-07
46,70,5,2004-02-12
6,38,3,2045-04-07
14,87,4,2057-04-05
90,13,6,2083-11-06
8,46,5,2088-01-27
93,67,6,2083-05-25
51,22,3,2072-07-02
81,67,5,2026-10-24
20,46,5,2099-02-26
95,38,6,2074-02-17
50,26,11,2035-12-20
78,61,4,2004-09-21
66,19,3,2096-01-26
18,87,7,2088-01-01
42,12,5,2084-06-10
65,18,1,2053-10-02
69,18,7,2001-10-12
47,60,3,2026-11-15
92,94,4,2065-08-26
32,61,5,2027-08-24
5,22,3,2098-04-22
13,6,4,2028-03-08
41,35,5,2023-04-12
53,39,4,2017-08-04
64,1,3,2001-12-04
46,52,4,2056-04-30
18,46,3,2034-10-10
96,51,9,2061-06-22
96,91,10,2075-02-15
75,18,4,2048-06-20
31,86,3,2021-09-01
68,38,3,2091-07-31
57,43,9,2084-04-09
65,81,7,2050-01-31
52,46,4,2006-01-17
49,32,3,2078-02-22
24,92,6,2027-10-20
40,65,5,2007-04-21
38,78,8,2008-01-25
19,96,4,2066-03-08
88,79,5,2031-11-26
39,37,6,2079-08-05
9,95,3,2099-11-20
2,42,6,2083-09-02
37,68,5,2009-09-24
59,73,2,2041-12-16
48,38,6,2037-11-13
2,94,4,2001-06-20
50,90,5,2046-05-05
28,19,2,2095-02-15
63,16,1,2037-08-19
79,49,3,2006-04-29
39,27,5,2020-09-12
9,2,4,2002-06-28
30,88,7,2058-05-10
56,45,6,2084-05-12
64,74,8,2062-04-09
95,82,5,2068-01-20
20,98,2,2071-04-21
70,15,3,2083-09-07
60,61,2,2075-12-30
46,43,8,2026-04-13
72,6,5,2032-06-26
4,12,10,2009-03-11
63,48,0,2009-03-18
98,10,9,2059-05-11
34,17,5,2093-06-10
32,47,5,2034-08-08
66,63,6,2000-10-11
32,54,4,2005-01-30
24,49,4,2083-01-31
89,19,7,2028-05-31
80,73,6,2047-02-02
12,88,1,2034-11-27
64,2,7,2051-06-08
50,12,6,2055-06-12
76,74,2,2014-06-28
45,7,4,2046-01-09
38,48,2,2059-09-04
34,96,6,2080-09-13
74,67,4,2030-01-12
0,41,1,2013-08-30
83,38,9,2032-02-10
21,89,6,2092-02-14
3,97,1,2036-09-12
19,52,6,2074-03-21
48,70,5,2005-04-16
52,11,3,2046-12-19
32,38,3,2076-02-27
86,73,5,2083-06-03
37,85,2,2079-02-14
99,41,4,2061-02-22
56,21,8,2056-04-25
72,45,3,2003-12-20
47,21,7,2043-06-24
60,92,3,2043-03-12
19,62,7,2018-12-13
0,67,2,2078-02-04
21,89,4,2083-12-13
91,23,5,2033-07-26
22,64,3,2046-09-10
28,73,4,2011-07-30
14,44,7,2027-04-07
12,71,3,2067-05-06
89,79,5,2012-07-31
24,81,1,2012-05-01
83,51,5,2013-08-21
74,22,5,2052-07-12
84,68,4,2088-07-03
96,90,9,2091-09-18
42,62,5,2043-12-10
65,29,3,2051-12-21
19,47,4,1999-10-02
56,86,10,2058-12-31
31,47,4,2006-09-03
7,52,4,2026-05-10
0,1,4,2011-05-14
63,2,4,2041-05-06
65,70,2,2024-03-08
30,9,7,2093-05-29
8,3,7,2070-08-25
90,68,6,2036-09-18
98,58,5,2097-05-04
12,63,1,2066-09-08
84,14,3,2053-02-23
3,61,5,2059-03-14
43,85,6,2044-03-13
90,7,2,2016-12-04
44,95,4,2007-12-27
31,7,2,2075-02-06
17,71,6,2057-06-11
23,37,5,2096-11-26
42,93,4,2096-09-10
55,19,3,2012-03-11
33,55,7,2048-10-25
40,70,2,2090-08-22
45,94,3,2091-10-29
45,83,6,2097-05-09
3,68,3,2021-12-29
82,32,3,2073-04-08
79,86,6,2079-03-28
71,76,4,2051-10-23
38,51,4,2003-02-11
32,75,6,2096-08-30
21,50,2,2085-08-30
37,36,3,2098-01-04
36,78,6,2022-03-07
77,90,11,2062-09-01
33,92,8,2064-02-23
1,17,6,2075-08-19
67,28,10,2036-06-17
31,39,2,2042-11-23
34,90,4,2060-05-27
98,51,8,2009-04-06
74,47,4,2019-03-23
97,74,8,2028-09-22
49,36,8,2022-07-21
13,61,2,2007-04-11
1,41,1,2091-01-12
96,21,9,2020-11-10
77,44,5,2076-04-21
11,37,3,2090-11-09
86,7,7,2030-10-29
45,5,7,2039-06-07
85,14,6,2049-06-03
53,0,5,2065-09-23
79,14,9,2082-05-16
57,45,2,2042-07-15
52,95,7,2056-10-28
30,3,9,2032-07-29
65,39,2,2036-03-03
61,23,6,2004-05-22
20,94,5,2054-04-25
82,68,3,2093-07-11
6,50,5,2057-08-05
49,54,6,2062-11-01
85,86,5,2082-05-30
77,77,4,2078-12-15
92,28,8,2012-10-06
34,80,1,2097-07-28
80,88,9,2025-11-11
24,88,7,2060-08-26
56,47,2,2018-07-11
49,13,6,2043-08-31
93,64,4,2076-11-07
29,37,6,2025-02-23
39,8,5,2042-10-22
33,33,6,2058-02-20
81,48,4,2012-04-15
90,28,6,2085-12-02
2,4,1,2012-10-24
50,38,9,2009-10-17
59,46,7,2006-08-05
69,48,3,2041-06-27
53,91,3,2007-12-05
77,9,4,2033-08-08
91,8,8,2013-03-31
99,3,6,2093-10-17
72,32,7,2044-12-05
24,95,5,2065-10-31
43,40,5,2017-08-16
75,40,4,2056-08-05
34,36,5,2065-11-13
86,88,6,2088-03-21
84,84,5,2010-01-05
14,31,4,2040-10-27
83,33,7,2000-06-26
18,89,6,2011-03-01
33,15,1,2094-09-24
82,22,4,2014-04-11
12,97,9,2014-09-18
20,36,7,2055-11-27
7,7,4,2020-02-19
19,14,2,2066-04-12
44,9,2,2049-04-02
56,28,4,2035-11-20
73,65,4,2019-02-07
56,17,6,2061-05-22
42,31,6,2037-04-26
74,38,13,2055-12-20
63,4,3,2072-07-22
58,54,2,2026-06-05
67,75,4,2011-08-03
82,86,9,2072-10-26
60,21,5,2023-12-05
61,42,4,2002-04-25
35,39,5,2084-04-06
45,0,8,2002-12-17
24,53,8,2057-08-06
49,1,3,2064-06-14
54,91,9,2038-03-12
72,57,2,2057-11-23
65,62,5,2008-05-15
65,78,5,2073-07-05
95,5,5,2088-06-19
79,33,2,2089-07-02
51,61,3,2035-10-27
85,58,5,2064-09-25
70,33,11,2087-07-08
37,51,3,2028-07-29
12,77,4,2061-01-11
57,79,2,2035-03-11
98,82,4,1999-09-12
7,66,2,2083-05-21
10,21,4,2000-02-24
40,13,7,2098-10-22
27,26,5,2070-05-12
74,0,7,2065-01-04
28,84,2,2009-06-13
8,12,1,2097-05-28
22,37,7,2041-08-17
14,45,7,2004-11-23
85,24,5,2074-09-13
25,65,7,2003-11-22
18,92,3,2093-08-25
7,52,3,2027-01-17
53,93,4,2040-01-20
82,70,5,2050-04-23
55,57,4,2037-02-26
36,35,4,2079-02-17
19,81,4,2007-05-10
20,30,5,2055-01-22
43,85,7,2034-05-07
87,82,4,2001-11-11
91,54,5,2012-04-01
14,68,9,2019-10-29
66,63,7,2025-03-09
90,10,1,2084-10-13
88,88,6,2067-02-24
32,41,3,2020-10-20
59,16,5,2031-03-06
56,21,6,2041-02-02
37,97,4,2017-05-04
31,31,5,2058-05-31
52,6,5,2005-10-25
88,41,4,2055-01-07
28,31,5,2019-05-18
88,77,2,2006-08-26
71,85,5,2059-02-11
28,18,4,2046-07-07
11,75,3,2022-03-22
27,85,0,2043-08-30
40,52,6,2031-08-22
17,24,5,2062-03-09
14,23,3,2011-01-08
44,67,6,2012-08-11
61,90,3,2086-12-24
98,91,4,2012-12-08
74,86,5,2095-07-08
84,91,6,2097-12-20
6,49,8,2047-02-13
10,76,2,2065-07-27
22,23,3,2092-01-21
52,32,9,2099-11-13
57,80,6,2080-07-27
90,93,5,2076-12-11
51,66,2,2000-02-18
98,34,4,2039-11-26
3,79,3,2059-11-18
2,24,7,2077-01-18
67,5,6,2001-10-07
20,5,4,2020-01-12
87,10,6,2018-01-05
2,31,6,2068-11-09
95,88,5,2006-11-23
11,4,5,2012-04-02
60,85,5,2089-08-07
42,44,6,2077-02-25
91,3,3,2083-07-27
43,33,6,2078-07-31
24,9,7,2048-08-18
50,82,6,2034-08-09
95,24,5,2086-08-12
94,42,2,2083-09-16
4,1,3,2024-01-13
68,47,5,2016-10-25
58,78,12,2080-10-13
70,47,6,2093-02-26
82,32,1,2038-09-15
91,6,6,2011-02-16
5,9,2,2039-10-16
36,94,4,2097-03-23
4,26,4,2076-09-17
43,4,5,2032-10-14
88,25,5,2029-06-25
42,45,0,2017-10-08
3,95,4,2040-11-02
22,96,2,2019-04-10
51,40,5,2052-12-09
76,27,6,2003-10-26
63,97,7,2025-08-21
2,97,4,2075-06-17
34,16,6,2013-09-13
94,70,3,2067-10-31
37,62,8,2019-07-19
60,54,2,2079-01-21
90,50,6,2068-09-02
30,49,6,2020-09-09
73,3,0,2024-02-15
59,5,12,2061-06-06
1,14,9,2021-05-04
16,97,5,2044-03-06
27,45,8,2033-03-16
47,42,5,2075-08-01
82,5,10,2041-03-19
98,79,3,2009-10-27
46,62,9,2053-07-31
86,77,5,2061-01-09
78,74,7,2041-12-20
57,67,7,2010-04-09
86,5,8,2028-10-01
33,57,5,2059-08-15
21,25,2,2087-01-30
68,76,5,2019-04-30
12,94,6,2010-11-26
19,12,7,2020-06-18
49,94,4,2043-07-13
67,84,6,2043-07-19
37,51,9,2087-11-04
53,13,1,2085-06-29
93,81,2,2079-08-14
88,78,4,2060-09-16
6,26,8,2082-09-09
41,92,5,2098-08-06
88,28,7,2015-06-11
49,65,8,2039-06-08
89,25,1,2096-03-27
25,45,4,2073-09-06
55,46,5,2055-01-12
29,63,3,2047-08-08
43,48,5,2027-10-08
74,5,4,2008-02-24
91,53,11,2022-08-05
6,12,2,2089-11-06
48,63,3,2081-04-16
61,57,9,2003-03-31
84,8,3,2070-11-15
3,92,6,2072-06-21
49,22,4,2018-08-28
92,74,4,2046-01-26
42,14,5,2012-03-31
15,88,6,2066-07-04
5,5,7,2015-09-13
14,14,6,2077-11-19
13,82,9,2075-04-24
58,29,5,2058-01-15
3,82,6,2086-03-17
60,96,6,2039-02-03
63,31,5,2090-03-18
49,16,4,2003-10-19
3,0,6,2004-08-01
47,53,6,2090-04-04
91,96,6,2006-06-30
3,49,4,2043-12-21
2,63,5,2020-11-01
6,69,4,2023-06-13
50,13,2,2098-01-06
32,98,1,2024-01-12
18,96,3,2062-02-02
30,70,3,2027-03-13
81,46,7,2044-07-17
53,11,7,2081-07-07
66,86,5,2087-04-25
69,49,7,2010-08-13
69,46,2,2001-11-03
14,54,3,2008-04-27
84,16,8,2075-09-17
41,72,6,2098-01-20
32,41,5,2084-04-13
28,76,4,2056-06-11
9,4,6,2084-03-01
67,94,5,2023-10-11
55,18,7,2036-03-16
95,98,5,2015-09-14
93,9,5,2080-06-29
22,78,6,2004-06-29
71,39,5,2056-09-26
38,15,2,2025-01-23
89,62,5,2090-03-09
22,95,5,2034-08-02
16,30,4,2025-02-18
17,48,6,2001-04-01
27,13,9,2004-05-05
49,85,2,2062-03-07
74,60,8,2001-09-29
87,20,6,2087-01-07
28,32,3,2074-04-12
52,47,7,2005-11-30
65,20,6,2065-10-27
94,9,4,2096-07-24
29,2,3,2046-01-11
37,37,7,2065-09-06
92,58,4,2008-01-20
23,52,5,2079-10-14
89,53,5,2080-07-27
76,46,5,2091-03-06
15,92,2,2055-04-04
92,92,5,2049-12-29
10,13,4,2079-07-29
30,9,1,2031-05-26
65,83,6,2016-04-18
25,6,3,2094-08-07
25,67,4,2070-03-25
32,13,3,2026-07-26
58,55,6,2038-09-14
4,88,8,2093-07-04
21,51,4,2078-11-17
25,47,3,2016-09-23
41,61,1,2067-03-15
25,84,7,2087-06-23
78,77,6,2090-09-21
59,35,7,2038-11-08
38,75,1,2060-10-19
65,64,4,2047-06-03
32,53,9,2040-10-24
29,7,8,2083-10-23
75,73,4,2015-09-19
42,2,2,2088-06-03
55,25,8,2051-02-13
30,59,6,2056-11-02
17,33,8,2015-05-06
38,78,9,2081-05-12
4,28,7,2043-07-22
46,42,5,2012-01-28
13,26,5,2026-11-12
33,62,7,2001-10-26
48,5,7,2060-01-07
6,92,3,2037-07-18
56,61,8,2015-04-30
95,91,6,2000-09-30
21,7,2,2098-08-01
0,51,3,2070-01-05
47,98,4,2070-04-22
54,32,5,2047-12-20
51,46,5,2062-06-02
95,87,8,2078-03-11
11,82,3,2009-03-07
45,53,2,2069-04-05
22,6,3,2019-06-17
24,19,4,2095-12-07
22,74,5,2004-10-17
34,39,3,2098-08-10
52,95,0,2014-12-09
60,78,4,2004-07-23
46,80,4,2082-03-18
11,87,8,2017-02-09
14,40,5,2011-09-29
70,91,8,2046-10-07
61,86,7,2092-11-18
23,72,6,2071-05-28
92,3,4,2004-04-10
80,99,7,2072-05-22
41,3,5,2097-11-13
68,56,6,2068-10-29
68,2,3,2067-11-07
40,75,4,2064-09-22
47,56,4,2000-08-17
50,85,5,2057-10-19
27,32,6,2088-02-07
87,17,5,2040-10-02
40,49,2,2096-05-09
82,54,7,2038-07-25
33,29,5,2002-03-27
3,67,5,2018-01-26
96,82,6,2047-10-25
76,32,8,2066-12-22
15,81,3,2031-06-26
85,6,6,2022-08-12
28,51,7,2015-05-20
81,51,8,2096-10-03
69,66,4,2026-04-07
25,44,3,2080-12-27
21,14,8,2042-10-30
54,4,4,2071-02-02
87,27,3,2088-07-17
46,49,7,2048-07-27
42,98,2,2075-11-22
83,6,5,2010-11-28
21,61,5,2066-09-17
26,97,2,2037-01-28
91,84,7,2050-02-02
3,15,4,2026-08-12
75,3,6,2052-11-08
89,89,4,2058-01-14
36,4,3,2003-03-05
51,86,3,2075-06-19
21,50,3,2066-07-13
40,77,3,2096-02-20
85,63,9,2005-05-29
67,64,4,2007-04-01
65,25,2,2018-03-19
34,40,10,2035-08-03
70,36,6,2095-06-17
60,56,2,2079-07-24
73,67,5,2069-09-27
11,45,4,2001-03-09
76,6,3,2087-01-22
96,9,4,2013-02-28
86,94,4,2012-01-27
74,34,7,2020-03-05
40,85,9,2082-06-10
27,44,5,2069-12-04
27,25,1,2031-05-11
24,35,7,2022-08-14
8,82,2,2053-08-18
23,32,10,2061-05-18
59,50,10,2071-08-18
86,29,11,2051-05-23
88,77,1,2001-11-22
58,65,9,2040-06-13
96,50,6,2025-08-13
47,19,5,2080-01-18
99,50,1,2069-08-24
39,95,9,2033-04-07
33,66,4,2021-01-25
2,13,5,2088-10-16
25,50,10,2073-02-13
19,8,3,2061-04-17
37,45,3,2028-07-13
51,29,3,2051-10-15
25,87,3,2001-05-25
43,70,2,2059-03-12
35,52,9,2047-04-30
4,98,5,2005-03-23
81,46,6,2047-11-25
85,25,1,2021-12-21
50,64,5,2013-12-14
54,14,4,2075-05-13
81,72,4,2032-08-31
70,55,8,2047-05-19
67,83,2,2055-12-01
45,43,7,2056-07-25
42,27,3,2075-08-13
55,48,8,2061-04-09
63,15,6,2085-07-12
61,27,1,2067-11-14
13,54,6,2090-08-31
85,95,8,2029-04-13
94,22,2,2062-04-14
29,50,7,2047-08-03
40,61,4,2086-11-24
12,72,7,2054-09-14
2,97,4,2093-02-28
8,73,3,2034-11-24
59,7,6,2000-03-30
4,64,5,2033-02-12
41,86,4,2030-05-11
38,76,4,2054-03-22
7,92,4,2026-05-12
76,19,4,2005-12-11
71,6,5,2041-01-26
1,31,6,2005-03-11
6,68,8,2008-01-14
61,34,6,2067-01-30
86,59,7,2007-06-05
13,28,7,2042-01-31
20,5,5,2084-08-10
81,92,7,2079-06-26
92,77,4,2063-05-25
67,1,2,2004-10-22
15,92,6,2058-08-23
84,57,2,2062-03-18
20,99,6,2059-01-02
34,95,4,2049-06-27
32,99,5,2005-10-19
82,35,5,2089-05-26
87,46,5,2014-07-08
75,5,6,2094-07-22
7,86,2,2083-03-02
99,85,3,2053-01-03
71,70,2,2052-11-24
88,55,7,2093-12-05
49,0,6,2006-10-29
2,63,4,2065-09-06
11,59,2,2035-09-10
34,43,9,2032-04-28
24,58,7,2030-12-05
94,95,1,2026-10-22
85,47,11,2066-05-30
90,75,4,2018-11-15
20,0,7,2042-05-30
34,17,4,2068-07-27
76,93,7,2036-12-30
58,92,9,2011-12-26
54,0,9,2008-12-09
3,55,5,2036-02-09
36,13,4,2055-04-25
20,66,4,2021-05-23
48,83,4,2086-04-14
16,17,7,2097-10-25
9,13,2,2057-07-30
55,96,5,2062-01-08
31,16,9,2093-05-22
33,36,8,2044-03-24
13,56,5,2081-11-18
33,63,6,2000-11-21
10,18,7,2011-02-14
44,46,6,2020-09-20
79,18,8,2020-02-23
9,19,5,2027-08-17
42,49,7,2062-05-27
34,77,5,2038-04-05
62,18,4,2044-07-18
0,3,6,2077-09-14
69,80,4,2028-04-07
87,98,5,2057-02-17
47,49,2,2052-04-29
58,43,1,2051-08-23
38,57,6,2042-08-28
60,7,6,2066-05-10
23,40,4,2065-07-16
24,0,7,2051-10-30
30,50,6,2004-12-03
54,40,9,2087-02-25
96,1,4,2080-02-03
67,67,9,2062-07-31
57,8,3,2093-01-05
77,16,8,2093-05-03
71,41,6,2037-08-11
89,7,13,2086-10-14
58,74,5,2013-03-13
0,23,5,2028-07-05
21,47,6,2040-09-22
36,99,3,2033-11-23
39,11,1,2054-05-25
1,64,3,2054-12-04
15,5,3,2063-03-20
9,17,6,2028-09-19
74,91,2,2003-12-02
52,64,7,2096-03-19
99,93,3,2027-06-12
66,96,8,2085-03-17
5,97,5,2038-06-15
88,36,4,2070-02-02
74,21,4,2076-06-02
30,97,7,2094-06-21
32,24,9,2068-11-30
47,97,7,2070-01-08
42,27,3,2050-04-23
18,41,3,2007-04-23
98,30,5,2039-02-15
31,97,10,2012-09-20
0,98,2,2025-03-02
75,8,3,2041-03-03
39,3,4,2097-02-08
25,81,5,2031-02-20
8,83,5,2018-10-30
73,54,3,2092-05-10
12,89,11,2096-10-10
49,38,2,2096-11-27
56,79,3,2094-06-07
7,59,4,2063-02-12
25,24,3,2077-06-12
2,73,4,2098-02-15
34,92,6,2010-08-14
32,72,4,2083-03-08
80,91,6,2079-06-09
45,60,5,2024-07-28
87,1,4,2039-11-18
83,4,6,2093-11-18
28,54,5,2031-06-27
25,26,9,2067-02-18
80,98,3,2046-02-09
88,7,6,2084-11-24
37,43,5,2009-03-20
13,35,4,2044-02-22
77,67,3,2065-11-09
10,36,2,2049-03-30
90,5,6,2083-04-03
68,91,4,2082-08-11
56,53,6,2079-01-07
45,97,4,2081-05-23
40,35,2,2005-11-08
46,45,4,2049-03-17
57,89,8,2084-08-01
20,42,6,2016-11-19
73,87,4,2086-08-07
64,68,4,2015-04-13
95,34,9,2067-03-25
57,37,6,2008-04-27
59,32,9,2066-01-09
40,65,4,2097-04-20
1,41,12,2026-08-25
67,47,4,2062-04-30
84,99,6,2010-05-08
31,41,4,2095-02-11
97,42,9,2017-04-15
0,69,9,2023-06-25
30,28,4,2062-10-23
41,5,5,2093-03-13
25,3,5,2028-01-13
22,46,7,2097-12-20
8,78,7,2079-12-22
24,32,4,2052-01-03
36,85,3,2069-01-09
16,3,7,2082-05-10
74,79,4,2004-04-26
69,2,7,2067-12-08
63,43,7,2028-03-31
75,86,2,2072-07-16
2,6,3,2073-03-20
20,56,4,2016-05-27
91,4,7,2081-05-26
65,14,4,2029-06-26
39,30,5,2073-11-17
0,39,4,2051-09-25
96,7,8,2023-12-14
81,54,5,2039-09-14
0,13,2,2024-09-12
50,77,5,2070-05-11
17,37,5,2014-12-18
97,48,3,2017-12-29
89,36,5,2080-04-09
55,86,12,2035-04-07
75,45,7,2055-06-17
24,26,6,2054-11-08
8,18,4,2042-08-06
98,21,3,2036-10-20
15,23,9,2070-05-17
47,37,2,2002-07-01
12,1,4,2068-03-04
0,6,2,2071-03-12
81,11,3,2076-06-30
19,14,3,2032-07-29
58,23,6,2023-02-09
1,41,2,2062-03-13
56,48,5,2075-09-24
28,53,6,2034-02-25
72,6,9,2039-11-13
32,24,7,2004-01-09
98,64,3,2072-10-31
12,29,3,2040-04-20
98,55,7,2077-03-19
31,51,4,2085-07-02
49,83,4,2040-10-07
56,59,4,2096-03-26
47,80,5,2061-05-15
68,24,4,2073-08-13
56,34,3,2096-10-28
50,15,8,2077-06-10
22,44,7,2030-10-26
41,94,5,2081-01-01
57,91,3,2008-07-30
14,19,8,2071-10-04
78,81,8,2047-06-20
53,80,6,2073-03-17
90,17,5,2034-01-04
38,29,9,2096-07-27
8,25,4,2060-10-16
27,64,4,2043-06-06
86,57,5,2068-10-28
56,31,5,2041-04-15
88,52,2,2033-05-26
94,33,5,2064-03-14
82,83,5,2010-03-24
40,77,1,2066-09-25
53,20,9,2083-01-20
93,92,4,2011-06-29
35,97,7,2055-10-24
61,9,5,2059-05-16
93,23,8,2061-11-11
87,60,9,2041-08-30
40,29,6,2075-08-19
59,6,5,2025-06-09
54,45,4,2065-01-21
75,28,6,2009-10-07
77,48,7,2041-04-07
55,40,3,2039-11-25
10,71,1,2039-04-13
62,14,14,2072-05-24
83,9,6,2005-01-02
86,8,6,2096-05-12
25,25,6,2017-09-21
60,33,2,2067-07-28
77,20,2,2094-09-17
15,95,2,2021-12-20
33,43,5,2034-07-06
70,93,3,2094-03-07
16,37,2,2096-11-03
77,78,3,2056-02-16
17,4,8,2074-07-08
46,65,3,2017-11-13
25,88,6,2060-02-28
97,76,4,2066-01-16
9,60,5,2030-09-22
25,54,1,2074-09-29
69,97,5,2010-10-14
73,39,4,2040-10-04
88,92,3,2004-11-12
79,39,3,2072-08-17
11,48,4,2075-07-22
63,77,8,2042-03-07
19,69,3,2017-05-16
27,22,3,2083-05-01
28,53,9,2078-05-15
13,66,3,2036-10-20
73,55,3,2008-11-05
17,33,3,2022-03-03
48,99,7,2041-08-18
69,22,6,2082-02-22
2,10,6,2037-04-27
31,62,4,2071-07-19
51,24,6,2017-04-07
42,51,6,2076-04-05
41,33,1,2056-11-16
49,7,8,2031-04-04
62,73,6,2074-11-03
39,3,5,2009-11-27
14,38,10,2029-03-22
90,76,9,2002-07-05
14,75,4,2036-03-28
76,2,2,2042-08-01
69,50,3,2012-05-12
65,0,12,2072-10-03
37,15,6,2011-04-30
52,60,6,2041-01-09
13,96,7,2014-05-19
8,86,5,2074-01-30
80,81,8,2083-11-04
51,19,4,2007-06-09
24,73,12,2067-01-18
11,8,10,2039-01-28
64,92,5,2091-02-17
64,98,1,2094-12-06
65,15,5,2098-10-30
31,28,5,2066-11-17
28,78,2,2070-05-31
70,20,7,2052-05-17
2,52,4,2017-07-27
75,7,7,2084-12-23
62,22,4,2031-03-17
49,29,2,2018-12-08
67,60,6,2066-11-13
54,93,4,2037-09-08
8,93,6,2067-05-26
65,25,7,2023-08-18
57,63,4,2037-02-06
20,78,6,2031-02-21
75,66,6,2098-12-13
76,50,5,2034-06-16
40,52,7,2062-02-24
57,82,6,2035-08-16
15,63,3,2025-12-09
90,30,6,2075-01-20
59,95,7,2020-10-15
82,55,3,2028-04-23
17,58,8,2094-09-12
91,94,2,2081-11-22
71,28,7,2076-07-07
59,68,7,2051-06-11
82,70,4,2004-01-05
8,32,3,2002-01-10
7,66,5,2037-11-17
19,10,5,2021-04-24
61,11,5,2063-06-02
55,7,5,2074-12-05
59,11,8,2048-05-02
55,18,4,2014-06-14
19,84,3,2091-07-06
20,95,9,2087-08-05
86,28,3,2065-12-20
64,80,4,2032-10-25
91,2,8,2034-03-09
61,48,4,2051-10-21
5,16,4,2045-11-30
36,62,6,2012-10-15
40,83,5,2040-10-04
51,62,2,2067-02-23
94,35,4,2013-04-14
19,27,6,2008-07-23
17,37,4,2005-09-09
9,74,5,2072-10-23
11,55,9,2021-09-26
7,98,10,2040-11-27
42,77,2,2047-06-05
82,79,6,2080-12-26
0,37,8,2083-04-06
16,37,1,2029-02-05
48,23,5,2035-01-05
13,39,6,2099-05-08
57,4,4,2059-11-05
12,44,3,2072-11-16
32,81,3,2015-07-16
34,78,3,2022-01-27
39,63,5,2067-04-26
94,45,2,2099-09-28
81,95,4,2081-08-03
50,94,2,2008-05-09
96,53,5,2039-11-12
53,31,4,2067-11-26
78,60,4,2009-11-11
83,99,6,2006-09-14
73,21,7,2076-10-23
44,90,3,2054-04-26
85,48,5,2084-12-08
93,39,4,2032-10-03
6,95,8,2012-05-11
93,93,6,2011-02-03
71,4,2,2082-12-13
76,24,8,2096-02-20
29,46,8,2033-11-13
86,46,5,2079-08-02
85,48,6,2037-11-24
99,92,8,2025-01-15
68,24,4,2050-10-21
39,38,7,2005-06-18
48,43,2,2065-08-26
91,32,5,2068-07-23
14,8,3,2079-03-15
54,49,3,2061-05-20
97,78,6,2034-06-06
49,32,3,2032-10-01
36,68,5,2082-03-01
74,48,2,2098-12-12
57,83,7,2040-03-08
97,12,4,2006-03-06
57,41,6,2047-07-11
43,19,3,2084-09-24
61,97,5,2048-12-08
12,44,8,2059-05-10
91,68,4,2045-09-23
3,33,1,2028-01-15
98,62,4,2097-01-14
49,73,5,2069-06-02
85,51,3,2036-06-19
7,71,5,2034-11-13
82,86,3,2011-01-18
33,28,2,2070-11-18
50,51,4,2047-11-12
90,74,0,2049-01-24
69,84,7,2078-10-30
96,17,6,2070-09-07
54,17,7,2018-07-06
9,52,5,2047-12-14
77,12,3,2090-08-26
26,14,7,2087-05-24
88,80,5,2049-08-27
7,61,0,2021-09-08
32,90,2,2089-10-15
66,77,4,2061-12-04
68,60,4,2013-05-11
49,40,4,2052-06-29
25,88,6,2055-08-04
73,49,4,2016-07-16
46,3,4,2098-11-05
2,83,7,2060-07-01
78,8,5,2035-09-12
99,53,3,2012-11-02
19,47,1,2032-03-15
76,90,4,2016-05-01
35,78,7,2007-11-09
9,89,5,2070-09-25
56,45,1,2035-09-30
14,59,4,2055-10-27
74,72,2,2055-09-15
44,70,5,2046-04-01
58,50,5,2009-04-26
63,97,2,2033-02-06
40,82,6,2003-03-16
94,75,3,2050-01-30
91,48,4,2054-11-26
55,96,4,2089-10-02
3,29,5,2090-06-27
23,22,4,2089-11-14
99,16,2,2044-12-28
69,57,3,2064-10-16
7,79,2,2002-09-01
9,7,3,2000-06-07
99,50,5,2053-12-12
72,62,4,2042-12-18
46,54,3,2060-12-07
97,74,7,2064-11-06
1,59,4,2085-05-26
91,30,4,2017-04-28
74,64,7,2016-04-01
96,29,7,2049-12-13
60,99,4,2011-05-11
17,12,4,2028-04-18
3,9,4,2089-04-12
87,3,5,1999-07-31
98,41,4,2084-01-03
21,79,8,2015-05-29
23,22,5,2014-11-27
53,55,6,2058-03-06
56,26,6,2029-03-26
99,0,3,2092-06-28
70,10,5,2072-10-05
43,49,6,2030-11-18
89,92,6,2020-07-06
86,31,9,2008-02-08
22,27,4,2039-06-20
61,42,7,2081-06-21
26,18,10,2031-06-21
64,34,7,2013-04-25
75,84,4,2079-11-28
94,49,4,2037-01-20
98,61,3,2058-02-03
83,59,7,2061-03-16
53,28,3,2058-05-23
8,40,4,2063-06-24
72,19,5,2050-10-14
73,13,3,2096-03-06
48,75,7,2063-09-14
84,42,6,2041-04-21
77,99,6,2099-09-15
59,51,3,2080-06-16
23,51,6,2070-10-29
3,5,7,2026-04-14
51,34,2,2043-07-10
75,49,5,2048-03-11
34,44,4,2078-12-16
99,36,9,2090-11-18
25,39,1,2023-12-22
13,10,8,2047-05-06
73,55,4,2099-01-31
17,7,3,2090-04-04
48,33,6,2073-01-05
35,50,5,2036-09-17
59,35,8,2009-06-28
92,19,10,2046-11-22
9,53,6,2069-07-24
28,91,6,2006-12-12
67,66,4,2018-06-06
56,3,4,2042-07-27
39,22,10,2020-11-09
54,93,6,2092-03-29
46,94,5,2067-02-04
3,46,5,2078-06-30
33,67,6,2062-01-04
94,94,2,2002-12-18
14,28,4,2038-02-13
12,54,8,2052-08-23
96,16,5,2028-08-12
0,59,5,2031-12-20
1,18,9,2047-12-11
56,40,6,2055-02-11
37,20,4,2012-01-05
0,55,6,2003-01-19
4,87,8,2068-11-24
67,57,6,2031-10-31
96,2,6,2039-02-11
94,5,5,2010-06-03
39,50,4,2075-04-12
74,38,2,2037-11-23
76,64,6,2043-11-15
39,49,3,2082-07-31
90,36,4,2010-06-30
70,82,7,2058-01-27
68,27,2,2002-11-03
1,28,5,2073-08-03
4,53,5,2098-08-09
3,22,3,2062-08-12
74,4,4,2006-07-09
93,17,10,2084-08-16
31,34,3,2075-02-05
13,42,5,2087-06-19
48,73,9,2048-05-05
86,67,5,2070-03-13
45,95,5,2014-10-16
94,72,6,2050-05-12
71,50,6,2003-02-08
11,69,5,2007-05-15
61,11,2,2082-12-26
30,3,11,2040-12-30
58,37,3,2007-09-13
81,70,4,2053-08-19
38,65,2,2054-01-20
96,60,3,2061-06-20
90,98,5,2021-10-22
82,75,6,2016-12-30
77,74,5,2056-07-31
16,12,4,2076-12-17
76,82,6,2032-04-09
13,91,5,2073-04-22
79,81,6,2027-06-20
11,32,10,2034-08-13
41,24,7,2097-05-28
87,4,0,2080-09-19
50,40,6,2032-07-15
88,4,4,2022-04-04
32,22,4,2011-09-27
45,24,8,2016-02-27
36,81,5,2007-03-26
92,96,6,2002-04-25
92,4,6,2095-11-19
29,52,4,2091-08-27
9,7,4,2084-06-16
61,15,7,2076-11-15
33,71,4,2000-09-20
74,79,10,2037-01-23
76,8,6,2073-04-05
97,33,5,2053-11-16
41,83,7,2060-08-07
92,40,7,2054-09-21
85,10,4,2043-04-02
20,95,3,2063-10-11
53,84,8,2022-03-09
57,55,9,2086-03-27
96,57,4,2008-01-08
93,70,6,2043-10-12
14,49,4,2053-05-08
78,18,4,2021-06-19
76,67,6,2058-04-24
49,63,5,2053-07-22
53,29,5,2056-09-03
81,43,8,2070-10-16
94,14,5,2072-11-02
71,80,5,2002-08-27
0,87,2,2034-01-11
30,63,5,2035-01-28
89,88,5,2090-03-06
69,23,5,2098-04-19
96,31,5,2054-08-10
64,7,10,2027-03-07
68,27,6,2045-06-28
45,26,3,2002-06-02
7,70,5,2080-11-09
4,92,8,2079-11-20
77,9,5,2055-02-25
59,75,8,2065-06-01
70,38,4,2032-06-07
23,33,10,2057-04-06
55,26,5,2028-10-17
39,80,4,2050-04-23
8,33,2,2079-01-20
86,84,7,2052-10-08
93,72,0,2077-01-21
20,68,6,2060-10-24
63,91,2,2067-10-21
76,16,5,2067-10-22
87,9,3,2018-08-18
14,44,5,2045-01-06
73,85,2,2078-09-26
68,38,6,2013-12-15
19,43,5,2027-06-15
29,44,6,2074-02-07
30,27,7,2000-09-02
8,61,9,2015-05-31
30,36,11,2066-08-19
58,97,5,2063-06-02
77,63,4,2092-11-03
72,86,6,2083-02-12
73,96,5,2091-01-29
23,5,5,2084-04-10
18,37,4,2060-11-12
71,40,8,2014-12-10
20,42,4,2074-08-16
58,90,4,2034-08-31
10,39,7,2072-04-05
94,71,9,2007-10-22
0,72,8,2054-09-04
78,87,8,2068-06-23
21,12,7,2049-12-28
65,31,10,2040-01-04
29,88,2,2039-04-23
32,33,2,2074-12-31
98,43,6,2051-03-24
24,29,5,2034-01-03
97,38,5,2056-07-23
54,57,7,2081-04-16
55,81,5,2004-01-13
30,63,5,2030-06-02
69,39,4,2048-09-18
89,5,6,2075-04-15
74,80,8,2028-01-15
89,71,4,2072-06-14
30,92,4,2020-07-17
87,53,4,2044-09-01
71,41,7,2064-02-14
59,77,4,2008-10-30
52,47,4,2010-05-14
18,44,5,2048-03-10
50,55,6,2013-07-22
83,55,2,2090-01-04
82,65,8,2059-10-09
35,95,6,2060-04-07
36,62,6,2055-01-12
24,39,4,2072-09-29
45,33,6,2011-09-26
12,85,5,2053-04-02
81,12,6,2003-07-21
15,4,6,2039-11-13
68,47,4,2052-07-10
41,56,3,2047-08-13
56,1,6,2098-12-13
81,90,2,2064-05-31
22,85,5,2044-01-06
13,41,7,2059-05-22
3,20,4,2076-05-20
25,71,3,2003-01-17
58,34,2,2083-05-31
37,24,4,2016-12-16
3,47,3,2032-08-26
5,12,3,2037-04-16
9,39,0,2094-09-16
80,67,3,2008-10-09
50,34,4,2061-01-16
54,76,3,2029-07-26
46,59,3,2062-03-03
56,17,4,1999-11-25
22,30,2,2052-12-04
95,63,2,2011-08-18
73,28,6,2026-04-24
71,1,6,2039-09-28
41,19,6,2033-01-03
71,40,5,2050-07-11
99,60,5,2046-08-14
49,5,2,2036-10-17
9,32,4,2076-08-21
82,81,3,2058-11-15
53,65,5,2032-08-06
3,32,4,2068-11-24
65,72,3,2080-10-19
56,53,3,2017-11-30
74,26,4,2074-04-06
87,69,3,2080-12-05
57,66,3,2046-08-04
32,97,3,2033-03-11
28,87,3,2074-05-01
35,93,8,2077-11-20
0,32,7,2041-08-23
89,55,7,2048-03-02
70,85,1,2012-09-06
5,65,3,2019-07-26
59,54,1,2007-11-13
53,47,2,2088-05-26
25,36,5,2027-05-27
35,79,8,2055-08-27
29,10,4,2080-08-28
66,46,11,2017-06-26
59,94,6,2074-11-15
9,32,7,2022-01-16
46,49,6,2034-03-22
71,16,4,2048-01-09
98,64,4,2090-03-03
24,14,9,2006-02-15
84,33,9,2046-09-26
30,51,7,2099-11-16
41,65,2,2026-11-10
24,46,8,2001-01-30
87,6,6,2065-01-12
95,66,6,2071-01-30
92,90,4,2070-07-10
1,49,3,2058-08-28
3,92,3,2031-06-10
23,67,3,2009-07-24
71,21,3,2037-03-11
13,13,4,2048-06-09
34,13,7,2070-03-06
15,0,3,2007-06-09
98,98,1,2039-01-11
90,51,3,2044-11-07
25,64,7,2050-03-03
17,27,8,2016-09-29
36,10,1,2030-03-08
67,27,4,2051-05-22
77,21,4,2020-04-29
27,54,3,2016-05-09
7,80,4,2036-09-30
26,11,3,2011-01-23
60,4,5,2066-04-19
30,39,8,2011-09-04
46,84,3,2014-03-09
93,81,5,2026-04-27
71,8,2,2017-11-06
23,25,5,2093-05-22
11,13,8,2090-07-25
73,62,4,2015-11-03
75,81,10,2051-06-17
31,90,2,2056-02-15
78,89,7,2061-10-22
66,78,6,2046-04-25
18,49,8,2074-03-29
70,84,6,2076-10-28
88,44,7,2072-12-16
95,24,6,2050-12-01
49,15,9,2081-07-23
34,93,5,2034-09-24
78,26,3,2010-06-07
14,26,2,2019-01-14
60,27,1,2019-11-04
97,39,3,2028-07-11
59,44,5,2088-12-23
6,66,3,2075-08-10
26,5,5,2026-05-05
44,90,5,2062-05-04
17,36,5,2043-03-03
30,32,7,2037-06-23
11,35,5,2043-02-15
66,80,8,2042-06-22
38,65,9,2080-01-05
20,50,7,2042-10-30
29,82,1,2046-04-17
95,64,3,2082-04-25
66,57,4,2004-04-22
58,61,7,2013-02-19
89,67,4,2084-06-17
30,4,4,2044-07-08
33,50,4,2089-09-13
97,31,7,2059-07-29
14,31,3,2096-02-01
44,0,5,2001-09-05
48,75,3,2016-08-17
48,24,1,2046-04-01
89,20,8,2072-07-22
96,63,8,2020-02-10
20,9,7,2098-07-01
28,92,4,2011-10-04
7,73,5,2080-09-21
31,44,6,2064-03-30
94,0,2,2053-10-19
30,73,4,2010-05-20
32,26,5,2017-06-18
17,80,6,2097-09-18
44,14,2,2020-09-24
86,40,6,2098-03-29
74,32,3,2043-02-15
82,86,3,2048-09-16
54,40,5,2047-05-23
4,16,7,2031-09-08
35,86,5,2057-05-29
21,50,5,2063-02-24
69,53,4,2011-01-05
73,21,6,2032-12-15
48,46,13,2047-06-26
0,7,5,2061-01-18
6,5,7,2011-08-25
92,24,5,2007-11-26
39,89,5,2085-03-12
67,70,6,2069-10-01
45,62,6,2095-09-23
56,96,7,2048-11-05
53,60,9,2069-04-12
97,40,6,2053-12-05
69,46,8,2003-08-10
62,46,7,2070-10-20
36,77,8,2096-09-28
93,69,3,2057-10-24
21,52,7,2021-06-16
47,47,1,2079-07-10
57,31,1,2012-07-31
38,6,5,2088-03-21
95,95,6,2027-11-19
3,99,7,2090-06-20
46,21,7,2033-11-13
64,81,6,2008-03-14
92,39,8,2075-11-05
94,74,4,2078-11-06
42,64,6,2098-03-31
27,48,6,2008-07-02
11,19,8,2060-06-17
48,72,6,2007-06-12
97,44,5,2099-11-25
86,88,8,2023-07-13
13,61,4,2025-03-11
90,37,5,2072-10-25
14,85,7,2081-05-02
4,45,5,2083-11-19
76,34,9,2002-07-23
28,33,5,2064-06-20
5,31,4,2077-12-12
91,54,5,2074-04-21
63,84,7,2074-11-12
67,35,3,2025-11-23
40,20,3,2082-10-27
82,17,4,2077-09-19
28,37,4,2098-06-20
1,80,6,2049-08-13
91,17,3,2083-08-11
58,21,2,2099-05-03
18,23,4,2084-07-12
68,4,8,2032-11-14
95,58,7,2002-02-25
69,53,4,2094-06-24
15,77,5,2024-07-24
40,22,2,2017-11-26
61,36,4,2021-08-20
32,10,2,2075-08-08
7,58,2,2013-12-27
61,64,3,2097-09-17
20,16,5,2008-08-19
35,13,5,2098-12-17
62,22,5,2041-01-18
50,35,6,2089-04-12
26,32,5,2041-01-11
16,79,3,2053-01-13
15,68,2,2030-03-31
91,34,8,2007-09-14
71,94,6,2036-09-20
90,12,4,2089-05-17
47,11,6,2045-08-27
63,59,7,2000-10-28
55,95,5,2048-03-17
64,51,2,2044-04-05
58,73,6,2016-07-24
34,65,7,2056-03-08
8,89,5,2074-04-14
89,84,6,2048-06-01
5,99,4,2030-03-09
99,27,4,2094-01-14
73,82,2,2095-07-04
8,64,2,2008-05-15
88,83,9,2055-03-11
39,11,3,2076-07-22
38,81,2,2033-09-30
86,82,4,2066-11-20
80,87,4,2068-01-20
66,13,4,2069-01-13
58,62,5,2041-11-26
9,33,5,2014-11-06
95,6,7,2057-05-09
87,4,4,2082-10-22
21,48,6,2099-03-01
88,24,5,2068-11-22
63,3,2,2032-12-07
61,32,6,2065-09-28
10,21,5,2088-07-26
28,2,5,2007-01-14
12,35,4,2034-09-07
89,67,5,2010-10-28
80,89,6,2026-05-02
78,9,4,2012-10-28
9,99,5,2004-09-22
70,30,4,2041-10-14
32,36,4,2074-09-05
61,60,13,2077-09-07
15,42,4,2057-03-23
78,12,8,2000-01-01
49,20,5,2036-05-31
32,15,9,2085-12-15
66,4,5,2007-08-30
70,68,5,2008-05-05
57,76,14,2031-03-09
80,94,5,2070-06-24
45,96,5,2072-07-15
2,19,10,2069-09-05
8,78,4,2053-07-05
8,63,5,2020-12-22
56,99,5,2009-11-08
64,8,9,2042-05-28
78,12,0,2038-07-25
10,28,5,2040-09-06
41,98,9,2072-02-18
30,15,3,2000-11-09
72,6,6,2071-12-20
62,31,6,2028-03-19
49,26,4,2022-10-19
56,26,5,2082-07-12
14,27,9,2088-09-28
16,19,3,2006-02-22
66,2,7,2011-10-06
45,84,1,2093-12-26
62,1,5,2009-02-10
6,32,4,2025-04-01
17,62,3,2056-03-22
75,4,5,2036-08-13
96,66,6,2034-07-26
17,16,4,2032-10-07
16,39,8,2046-06-25
87,69,4,2018-12-06
81,81,5,2004-06-03
89,74,5,2029-10-03
14,93,11,2067-07-13
15,43,2,2079-05-01
40,96,2,2021-12-22
84,59,8,2089-06-22
52,85,7,2033-04-06
37,22,5,2058-03-16
75,4,4,2022-10-27
48,73,11,2080-07-10
93,63,9,2030-09-14
29,80,2,2092-04-22
89,11,0,2051-03-27
49,84,9,2045-09-25
25,6,1,2077-06-18
80,32,6,2036-03-13
72,78,4,2036-01-13
47,92,7,2095-06-08
9,80,3,2012-04-07
17,94,7,2083-09-25
64,2,6,2010-10-19
76,97,8,2056-08-13
41,69,3,2030-01-20
63,37,6,2018-03-23
99,30,6,2079-11-16
80,93,4,2052-06-06
78,44,4,2057-11-08
80,88,3,2073-11-14
53,48,2,2073-09-01
26,49,4,2079-06-26
43,88,9,2097-12-09
72,80,6,2074-05-30
76,49,4,2037-07-28
71,29,6,2086-02-13
85,61,8,2076-04-17
63,83,3,2022-05-03
10,62,2,2016-01-22
32,28,4,2033-05-05
7,11,7,2065-07-27
40,52,3,2069-06-14
94,0,7,2054-03-08
55,59,5,2041-02-09
71,53,2,2088-03-09
28,97,3,2072-07-23
77,15,6,2048-04-18
19,41,2,2020-07-01
64,5,5,2027-03-22
40,62,3,2031-06-18
44,32,4,2033-03-07
29,26,6,2054-01-20
93,1,4,2059-05-19
3,10,2,2039-05-06
38,21,6,2010-03-24
80,53,5,2066-10-06
59,25,2,2085-10-02
53,73,4,2076-12-27
69,81,5,2006-06-17
84,16,3,2072-03-13
34,31,7,2076-04-18
15,81,4,2080-06-02
61,92,8,2087-02-03
3,7,3,2041-09-08
87,82,7,2036-06-21
61,76,4,2068-12-02
87,90,3,2063-11-29
23,52,6,2014-04-30
56,92,8,2099-01-23
61,17,2,2011-03-12
0,77,4,2013-10-16
67,64,5,2087-07-05
93,69,7,2060-03-01
38,62,4,2014-02-15
62,64,6,2010-08-27
0,67,5,2094-11-14
8,38,4,2057-11-22
10,9,5,2006-12-22
67,35,3,2004-07-11
83,55,4,2031-08-03
73,92,4,2085-10-28
81,24,2,2035-07-15
86,63,6,2044-05-26
58,60,5,2007-05-02
83,80,7,2070-01-06
51,96,4,2014-03-03
73,72,3,2095-08-31
52,33,6,2053-04-15
2,39,5,2094-09-24
22,88,5,2030-12-10
88,83,7,2023-10-21
71,36,8,2093-02-20
75,26,7,2080-01-12
5,68,8,2089-05-25
24,72,2,2001-12-12
36,52,6,2021-11-18
58,78,0,2072-08-17
27,8,8,2045-06-05
82,77,6,2099-12-14
47,43,4,2095-01-21
61,10,7,2091-03-03
0,91,4,2073-12-05
71,53,4,2066-09-09
95,90,4,2051-11-03
95,26,6,2021-11-20
61,20,13,2030-08-31
71,23,7,2046-04-05
74,73,4,2064-06-24
10,40,4,2060-12-21
46,11,9,2002-10-14
5,95,5,2083-04-13
83,0,5,2010-10-02
84,82,5,2027-03-24
8,84,7,2036-09-16
37,29,4,2059-03-18
90,34,3,2016-08-05
41,65,5,2062-05-11
47,7,6,2002-01-05
93,51,5,2002-01-27
67,16,1,2056-02-18
59,31,4,2023-04-13
20,79,6,2066-02-14
6,5,6,2073-03-04
94,17,10,2067-02-08
7,51,2,2075-03-19
85,66,3,2064-04-21
39,55,3,2035-05-31
15,49,10,2011-04-18
40,13,2,2043-02-07
96,77,3,2063-02-08
73,79,3,2094-03-21
26,45,3,2096-06-25
57,87,5,2072-12-23
14,6,3,2080-10-07
91,40,3,2059-03-18
76,49,3,2064-03-10
24,87,4,2062-07-30
21,76,3,2048-06-24
51,94,7,2029-10-04
79,36,3,2096-07-22
56,69,4,2021-04-18
55,79,6,2023-03-17
69,92,6,2043-04-21
38,65,5,2003-10-06
90,21,8,2077-04-14
39,75,2,2089-12-09
36,44,1,2014-07-16
81,63,3,2047-09-30
18,22,1,2097-06-13
49,9,1,2045-03-04
61,98,3,2072-11-30
4,74,3,2023-10-05
10,4,3,2064-01-16
3,86,4,2047-07-24
67,57,8,2097-04-20
10,37,6,2053-08-22
39,40,5,2062-02-04
35,18,5,2048-12-19
86,6,0,2011-10-07
40,90,0,2084-10-22
12,6,2,2057-08-13
65,14,7,2038-05-13
80,5,4,2037-03-22
20,6,9,2035-01-27
89,61,7,2007-02-27
17,60,5,2018-05-28
1,0,0,2069-06-17
30,92,11,2059-09-05
35,20,5,2025-03-10
10,43,4,2020-06-06
23,68,7,2011-01-20
80,31,4,2035-09-07
31,59,9,2057-01-07
24,34,5,2085-10-27
44,90,3,2067-03-27
32,23,2,2021-07-05
94,87,6,2009-03-03
7,89,2,2086-10-06
7,58,3,2022-07-12
9,74,8,2044-11-08
52,65,6,2058-10-20
35,43,7,2090-06-23
47,5,5,2061-09-22
59,59,6,2008-07-17
8,96,5,2074-07-25
33,22,4,2086-04-30
50,96,2,2010-12-23
22,88,2,2061-02-12
95,90,7,2054-07-18
65,83,6,2052-12-11
32,88,7,2065-10-05
22,17,3,2058-08-03
65,32,9,2092-04-30
89,72,7,2087-09-05
97,47,5,2063-08-30
42,7,5,2073-09-27
12,59,7,2053-05-13
17,13,3,2036-07-03
55,28,5,2088-11-02
2,22,5,2051-10-09
71,65,6,2041-08-26
77,97,7,2060-08-19
49,8,7,2014-05-14
62,58,4,2055-12-10
93,83,4,2088-01-09
81,81,6,2099-07-28
12,96,9,2065-05-21
84,89,4,2088-05-29
16,3,7,2040-08-20
12,55,5,2030-10-17
76,53,9,2078-08-20
6,6,5,2011-12-18
4,91,1,2063-02-08
96,52,4,2014-09-06
71,69,9,2073-08-14
86,98,7,2097-10-02
18,41,5,2067-08-12
5,85,4,2014-10-16
14,91,8,2042-07-26
59,46,3,2073-06-24
60,85,5,2045-11-25
27,31,5,2097-07-06
11,1,6,2084-07-29
72,44,7,2077-04-01
0,99,6,2095-09-24
87,16,2,2061-08-19
8,15,10,2036-02-29
93,86,4,2008-03-27
48,54,3,2026-04-16
41,61,3,2016-01-29
90,50,4,2024-10-11
74,3,4,2037-04-12
82,20,10,2000-10-08
44,56,7,2024-07-15
19,15,3,2034-10-16
40,86,4,2099-12-05
30,72,2,2094-04-20
65,30,3,2007-09-17
93,2,7,2097-09-21
1,57,9,2082-12-19
69,74,4,2096-11-11
77,57,6,2061-07-20
58,43,8,2030-12-13
28,17,3,2086-09-23
16,12,8,2053-03-25
14,94,4,2023-01-12
30,81,3,2009-07-30
99,76,6,2076-03-04
19,43,5,2080-06-17
85,45,1,2024-01-14
93,68,8,2088-02-19
80,93,7,2037-06-16
88,21,4,2084-10-15
31,98,5,2046-07-24
59,46,6,2093-02-20
71,87,5,2065-09-03
97,63,9,2022-03-15
96,60,8,2097-02-26
1,47,7,2031-10-20
84,0,6,2059-11-12
89,98,4,2058-05-27
57,96,7,2099-05-21
53,57,9,2070-04-19
90,1,3,2068-08-31
84,92,2,2015-11-17
15,31,5,2016-02-28
39,90,5,2029-02-27
47,55,4,2094-07-30
72,26,10,2001-07-11
17,56,8,2012-01-25
1,49,3,2022-06-30
14,62,3,2035-06-05
11,4,8,2000-09-24
62,80,3,2025-04-02
58,79,4,2067-11-29
19,25,2,2051-07-05
51,90,3,2057-10-29
35,66,6,2082-11-11
29,49,7,2014-09-04
78,76,6,2019-07-21
87,35,7,2052-12-20
81,11,3,2018-07-21
97,37,6,2068-08-08
77,59,6,2031-09-14
0,92,1,2081-05-28
78,20,7,2044-11-11
48,93,2,2051-02-28
32,96,5,2020-09-21
16,12,7,2099-02-14
75,14,5,2034-12-30
88,89,2,2096-12-18
36,39,7,2091-01-04
49,61,5,2034-11-11
76,75,13,2098-02-22
13,40,9,2058-01-27
94,20,13,2046-02-25
4,1,3,2070-10-31
87,9,7,2040-08-30
20,51,11,2080-01-31
33,17,7,2051-09-28
36,89,4,2054-04-29
59,81,3,2059-11-27
49,28,5,2005-06-01
33,20,6,2033-08-30
64,97,8,2075-12-17
75,20,3,2012-08-04
52,91,7,2083-06-01
36,23,4,2033-01-13
52,52,6,2064-06-22
87,36,4,2061-11-21
33,73,4,2094-11-18
66,87,5,2058-04-20
47,80,7,2090-02-28
66,54,11,2098-07-14
8,48,2,2089-12-07
18,66,3,2043-12-09
32,22,10,2088-09-16
59,35,10,2018-01-26
7,73,8,2018-12-25
31,49,1,2058-08-13
10,50,3,2022-12-10
14,5,4,2037-09-14
69,38,5,2082-08-24
67,83,4,2013-12-18
51,32,2,2066-12-02
8,28,6,2038-07-28
33,70,3,2003-04-11
15,58,6,2098-06-15
45,79,7,2043-06-20
27,28,7,2023-09-04
16,62,5,2046-11-11
43,69,5,2019-04-17
66,46,3,2027-10-02
49,98,11,2057-04-30
87,15,6,2040-05-30
54,75,2,2085-02-11
66,49,6,2070-08-11
55,68,2,2028-03-24
0,83,4,2079-08-10
31,85,2,2019-03-25
24,66,4,2038-04-08
77,27,10,2063-03-30
55,53,4,2003-09-18
97,81,7,2041-05-10
63,33,8,2081-01-27
21,13,1,2029-03-05
22,36,4,2001-05-02
77,90,1,2049-12-19
53,62,8,2018-12-16
24,71,3,2006-11-12
70,91,3,2061-11-11
50,35,8,2088-02-20
70,92,2,2045-09-30
18,39,8,2001-10-21
50,80,2,2075-06-07
80,75,5,2049-09-04
33,57,1,2049-03-05
29,61,4,2014-02-15
75,69,8,2036-03-06
45,18,6,2024-11-02
5,38,7,2026-06-01
4,82,0,2043-10-31
11,28,5,2082-12-23
44,27,7,2072-04-07
96,97,3,2010-11-21
67,44,2,2044-12-22
53,0,7,2066-11-28
65,83,2,2096-06-14
25,9,3,2089-04-23
76,35,6,2095-11-13
24,38,2,2069-04-23
15,56,2,2044-04-15
74,12,9,2050-11-10
84,35,6,2053-03-08
73,33,4,2028-02-23
72,3,5,2013-11-15
77,17,6,2030-02-13
8,24,7,2028-12-27
82,10,7,2045-07-20
94,60,4,2073-02-09
70,96,5,2029-11-27
68,37,5,2020-09-08
95,96,3,2013-05-19
61,72,6,2023-06-22
85,60,2,2096-12-16
36,29,7,2011-06-09
26,14,4,2032-01-13
83,75,3,2088-10-31
17,77,1,2047-07-14
49,4,5,2068-04-30
1,71,5,2096-09-06
57,11,6,2066-03-16
15,39,6,2053-10-12
89,93,6,2064-07-17
33,50,4,2091-09-19
24,87,4,2095-03-02
22,18,3,2098-05-29
40,57,6,2047-12-13
88,57,4,2014-02-20
71,32,9,2011-03-28
56,41,4,2099-11-23
78,84,7,2024-01-07
6,25,10,2000-09-18
97,95,6,2032-05-05
28,76,7,2064-08-06
8,68,3,2063-01-01
18,70,7,2020-01-11
0,63,11,2090-10-15
92,22,1,2009-04-21
21,90,1,2073-10-23
78,80,6,2027-07-16
40,46,6,2070-03-16
32,12,5,2005-08-15
31,38,4,2012-12-13
89,60,1,2097-11-14
78,29,10,2058-05-11
72,55,9,2099-06-19
12,90,3,2074-04-18
95,27,7,2021-06-12
10,27,8,2055-09-25
38,56,6,2049-11-02
60,17,5,2041-10-06
36,76,10,2050-03-09
63,48,4,2037-07-13
4,78,7,2049-03-10
14,80,4,2070-03-09
38,75,5,2024-10-11
52,13,6,2030-04-04
19,42,5,2011-05-17
82,31,4,2046-07-05
59,34,1,2066-05-02
78,11,5,2012-01-06
87,84,3,2061-06-18
91,28,6,2069-08-16
44,34,9,2090-08-27
50,45,9,2043-12-09
70,87,3,2042-09-13
61,77,5,2091-12-23
76,55,5,2089-02-08
92,29,1,2020-04-27
78,66,7,2094-12-12
66,55,7,2066-10-03
18,55,5,2012-02-19
84,52,7,2005-12-20
84,36,7,2026-06-09
98,41,4,2021-05-20
3,56,8,2097-03-31
35,99,2,2038-10-16
64,64,6,2089-03-17
50,51,10,2046-01-14
88,95,3,2042-01-13
99,83,1,2036-09-02
74,71,8,2023-08-12
41,13,7,2041-07-12
27,68,3,2090-11-04
27,3,3,2013-01-25
32,26,6,2059-10-17
78,21,2,2035-07-27
97,84,3,2017-05-08
74,67,4,2010-02-16
11,73,8,2028-01-28
42,57,5,2059-12-19
36,72,3,2033-04-18
27,40,1,2026-09-16
63,96,3,2002-06-13
79,38,3,2095-04-18
57,67,4,2016-04-03
40,54,7,2046-02-26
15,43,2,2097-07-19
80,63,4,2021-11-13
73,53,5,2059-04-10
56,30,4,2040-11-18
57,35,4,2045-05-02
1,54,6,2027-12-11
93,64,4,2039-12-11
29,36,2,2008-08-22
20,34,2,2075-10-29
89,13,7,2087-07-10
75,94,6,2088-08-16
46,73,3,2034-05-25
12,36,5,2074-05-27
16,61,4,2041-06-23
86,55,6,2095-11-20
30,46,5,2026-01-30
91,12,2,2063-09-22
1,60,4,2001-03-15
7,48,3,2013-01-22
67,86,3,2046-10-25
19,98,6,2011-09-27
56,5,4,2048-07-31
37,45,7,2017-01-01
81,38,6,2036-07-28
85,84,5,2093-12-26
22,86,2,2044-07-17
36,45,5,2024-10-24
58,96,6,2094-03-29
57,92,5,2007-11-26
28,28,8,2042-02-12
25,89,4,2007-04-21
8,79,3,2050-03-29
35,26,6,2094-10-22
86,41,4,2026-05-24
17,96,4,2005-10-18
84,15,2,2060-08-23
58,94,5,2095-06-22
39,75,8,2019-09-26
65,80,3,2037-02-18
48,81,4,2086-09-15
39,48,2,2011-02-23
14,28,8,2034-09-26
61,5,1,2061-08-17
81,60,8,2007-03-24
23,21,8,2026-04-10
90,15,8,2030-06-12
87,14,6,2085-07-31
21,16,2,2028-07-12
54,28,4,2014-10-23
42,66,8,2086-01-30
42,96,4,2026-09-01
91,62,6,2053-09-20
94,1,8,2040-12-20
94,81,5,2091-04-25
45,28,8,2084-07-08
24,15,8,2005-03-03
62,3,4,2014-09-16
17,64,9,2007-11-23
85,59,2,2096-02-04
27,30,4,2002-08-13
24,82,9,2070-09-13
15,39,2,2059-06-08
63,12,5,2081-10-26
8,9,3,2049-05-17
62,76,5,2072-05-27
34,99,9,2073-06-17
9,3,6,2094-02-12
0,51,7,2069-02-12
61,67,6,2033-01-17
46,66,4,2058-10-09
37,89,6,2033-12-20
93,87,5,2012-10-20
5,73,3,2002-09-20
43,73,3,2027-03-14
31,60,5,2086-01-13
57,93,6,2087-02-06
29,86,2,2042-04-20
70,58,5,2082-10-17
70,33,5,2074-02-13
50,2,7,2082-08-03
71,15,6,2050-08-08
38,35,4,2040-04-11
50,75,5,2079-08-19
19,55,4,2044-01-28
6,79,6,2023-09-28
9,58,3,2089-12-25
48,31,5,2029-04-12
66,69,4,2099-05-10
98,70,3,2020-10-04
44,72,2,2015-08-21
77,90,5,2057-10-24
2,81,4,2087-04-05
74,21,4,2099-07-05
16,59,6,2089-06-01
75,3,5,2029-03-12
69,65,8,2094-04-13
2,81,5,2066-03-09
47,39,0,2084-10-03
63,10,6,2051-12-24
30,24,5,2012-01-22
38,79,1,2045-11-16
80,0,5,2091-09-22
33,17,2,2042-08-03
13,64,5,2043-09-13
67,84,0,2022-10-08
56,29,6,2083-06-04
37,92,6,2097-08-10
45,95,4,2007-12-06
86,41,5,2042-11-17
47,84,5,2021-04-30
32,80,10,2093-07-29
77,1,8,2027-08-20
69,37,2,2013-03-14
20,83,2,2046-08-10
3,23,4,2010-11-04
58,29,8,2043-04-28
23,47,3,2097-11-16
38,85,4,2094-12-13
2,58,2,2083-09-19
49,15,4,2079-10-23
26,21,8,2068-05-30
19,31,2,2050-08-12
33,35,5,2089-06-27
39,83,4,2061-08-25
85,32,5,2007-03-06
51,98,6,2089-09-21
28,32,0,2005-10-03
75,26,6,2004-08-26
11,60,1,2029-01-13
93,19,7,2015-07-08
93,92,9,2079-08-29
2,10,4,2007-09-04
42,43,6,2074-03-08
46,57,3,2007-10-13
33,15,4,2037-03-19
42,73,3,2012-03-09
88,63,5,2095-11-09
47,58,4,2027-09-16
22,6,4,2027-10-24
43,29,2,2031-04-11
67,83,8,2020-11-20
18,99,4,2000-02-26
12,47,6,2003-06-01
20,7,2,2053-04-07
88,88,4,2019-01-08
84,36,6,2097-04-23
53,27,5,2083-11-10
27,67,7,2051-04-26
16,64,7,2098-06-19
14,80,4,2081-02-12
44,32,4,2031-06-13
96,0,6,2065-11-03
6,71,5,2092-01-09
23,49,2,2016-04-15
21,48,7,2073-06-28
94,91,1,2074-06-24
73,74,2,2081-10-21
52,98,8,2083-01-22
99,64,3,2062-05-24
83,45,3,2018-07-18
3,30,5,2093-05-27
57,44,7,2077-07-30
95,72,7,2050-09-27
72,3,5,2086-09-20
54,21,4,2008-11-20
55,51,6,2027-01-08
69,70,1,2002-11-10
40,56,3,2080-02-02
62,1,3,2022-12-12
32,54,6,2080-03-13
17,1,4,2078-03-13
98,89,2,2005-06-30
95,74,5,2032-12-15
75,6,3,2055-03-29
54,41,7,2042-09-13
42,25,4,2087-03-31
36,90,3,2059-02-04
60,61,2,2022-05-16
47,30,4,2040-08-09
34,66,4,2010-11-21
28,12,3,2081-02-18
34,63,6,2047-02-16
82,57,4,2056-04-07
9,79,7,2014-06-29
56,77,3,2045-09-05
0,41,5,2043-07-29
2,92,4,2080-06-21
86,11,4,2053-05-10
89,17,9,2024-08-18
50,55,11,2003-02-23
30,26,10,2012-12-25
71,20,6,2060-07-30
94,79,2,2088-10-12
93,85,8,2082-12-14
74,6,3,2044-07-11
53,96,8,2000-11-20
77,52,5,2040-06-08
58,84,6,2021-06-03
42,43,11,2090-08-22
13,21,5,2026-11-15
74,9,1,2020-01-29
43,42,6,2043-10-05
60,28,0,2091-12-11
73,56,4,2098-04-28
23,77,4,2034-12-24
39,36,1,2038-05-06
28,87,5,2059-10-04
85,59,7,2005-10-03
24,8,2,2098-06-19
22,1,10,2094-09-23
55,68,9,2093-12-01
83,1,6,2062-10-28
26,71,3,2041-07-10
48,53,8,2082-10-16
20,74,0,2023-09-08
22,94,3,2086-05-09
44,12,7,2086-01-21
71,2,6,2060-09-24
66,10,3,2082-09-05
44,28,7,2095-09-12
52,60,8,2089-07-23
63,44,3,2037-12-09
28,61,7,2052-11-08
68,73,3,2042-11-01
9,6,1,2047-03-27
32,1,2,2038-01-26
66,65,3,2041-11-04
86,6,6,2097-06-15
44,53,5,2085-11-06
23,99,9,2088-09-11
16,24,2,2083-07-24
98,48,4,2078-03-15
85,80,4,2004-06-01
5,44,3,2051-04-14
69,82,2,2001-07-26
84,40,1,2098-05-02
20,94,5,2054-07-28
6,30,3,2034-08-06
93,49,7,2046-10-11
39,36,5,2015-01-29
51,78,5,2007-12-07
61,85,5,2064-08-23
45,96,5,2082-08-25
38,69,2,2032-01-20
80,86,4,2076-05-15
7,81,4,2086-03-23
33,81,4,2064-02-27
40,29,4,2091-12-01
2,22,7,2049-10-16
42,52,6,2052-11-21
7,98,1,2011-04-21
35,1,3,2035-05-16
3,34,4,2092-10-13
17,7,6,2062-03-04
23,54,3,2053-02-10
86,93,1,2001-02-18
97,21,2,2042-01-29
87,57,3,2077-11-09
56,19,6,2057-07-10
63,15,7,2093-01-18
90,43,6,2082-03-22
13,63,5,2070-01-05
51,40,3,2014-12-06
8,37,4,2081-09-15
89,5,8,2072-08-27
36,32,2,2019-10-09
23,63,6,2076-03-29
90,92,6,2037-06-24
90,62,6,2004-11-19
3,31,8,2053-12-20
28,50,7,2068-03-10
21,11,2,2086-11-01
62,60,3,2046-02-24
29,74,3,2070-12-08
78,29,3,2093-10-07
25,23,3,2067-03-11
65,22,5,2073-11-10
57,70,5,2031-03-03
48,82,6,2004-06-15
76,97,4,2034-01-03
51,42,1,2052-08-06
99,34,7,2006-02-06
72,65,4,2052-08-21
80,67,4,2006-11-07
39,8,6,2091-05-31
49,8,4,2071-05-22
35,31,6,2023-01-23
91,86,8,2027-07-29
70,44,7,2001-10-05
81,41,3,2021-09-30
23,63,5,2055-08-20
20,44,1,2067-02-08
33,24,2,2047-11-06
59,0,8,2065-01-21
88,63,8,2097-02-01
83,54,3,2025-08-05
60,71,4,2029-09-08
26,28,1,2097-03-19
32,92,6,2062-12-14
61,41,8,2008-03-26
39,15,2,2003-05-09
15,93,7,2061-12-31
10,75,4,2038-01-30
77,36,2,2083-11-06
44,28,3,2009-04-23
47,6,5,2089-02-24
4,75,5,2020-08-20
0,75,4,2033-07-01
51,94,4,2066-03-13
20,55,4,2089-05-29
30,60,12,2059-06-23
83,65,4,2094-07-13
24,76,3,2091-06-08
73,55,2,2043-04-10
13,63,4,2012-08-26
56,40,10,2089-12-31
23,11,7,2006-03-23
78,41,6,2050-10-28
33,58,3,2021-03-03
85,54,5,2048-09-22
16,4,4,2034-02-04
44,54,5,2046-06-06
46,53,8,2067-07-15
79,60,5,2097-05-30
10,69,8,2020-09-04
62,73,3,2030-02-04
69,78,5,2051-05-05
73,75,3,2083-02-27
86,93,1,2039-07-02
88,72,7,2096-03-25
37,42,6,2061-12-08
60,80,6,2006-09-25
7,22,10,2091-07-27
62,49,3,2072-08-26
72,79,12,2027-11-02
97,96,2,2090-03-07
7,85,4,2075-05-21
68,10,6,2023-09-29
68,15,4,2061-11-16
25,62,3,2069-09-23
4,57,3,2097-03-26
44,49,10,2098-11-21
20,52,6,2034-09-11
79,62,3,2099-08-29
62,7,2,2025-04-01
55,83,6,2059-08-22
29,64,5,2008-01-23
44,97,1,2090-12-15
64,16,7,2007-04-11
91,54,10,2077-11-17
8,89,4,2006-03-28
86,85,3,2064-10-11
11,99,6,2061-05-01
55,78,7,2014-12-23
8,97,9,2074-11-30
86,34,10,2075-04-17
31,22,5,2092-03-31
54,86,4,2053-02-11
72,50,1,2096-03-21
51,53,6,2083-06-19
18,5,7,2027-12-30
57,93,3,2021-09-06
91,18,3,2041-11-06
35,92,4,2084-06-10
27,43,3,2052-09-23
99,55,8,2039-08-23
58,25,5,2021-03-15
56,96,6,2029-04-05
82,50,6,2051-01-19
11,10,6,2028-02-03
12,23,4,2060-05-01
35,91,0,2049-07-14
56,0,6,2003-03-13
25,20,2,2046-10-24
87,71,5,2022-04-08
51,67,6,2069-06-06
9,88,4,2031-02-08
42,57,2,2084-02-15
6,31,6,2052-08-23
67,54,6,2015-04-24
81,81,2,2047-01-06
18,12,4,2010-04-28
41,50,3,2062-11-11
37,75,8,2017-11-30
63,52,4,2052-09-01
69,21,8,2095-09-22
83,42,6,2014-12-23
94,73,2,2056-05-02
78,58,8,2042-02-09
55,32,7,2010-07-17
4,13,6,2074-08-27
92,18,3,2054-08-23
5,83,5,2064-11-23
73,64,3,2074-11-28
98,78,4,2085-07-26
97,79,6,2000-12-26
24,20,2,2081-07-20
75,48,2,2067-10-26
6,3,3,2084-01-08
69,87,4,2060-02-26
74,91,9,2005-12-05
5,18,5,2066-11-01
58,14,2,2005-07-31
25,80,1,2012-12-30
63,90,8,2098-05-03
35,16,4,2060-10-31
19,50,5,2038-11-08
2,42,4,2011-04-21
97,88,3,2066-11-07
78,75,7,2010-02-09
4,35,7,2097-12-24
71,53,3,2000-04-02
67,16,1,2048-01-05
58,45,6,2044-08-09
66,4,5,2007-02-18
90,50,6,2069-09-03
80,54,6,2048-05-19
69,7,5,2065-02-20
42,33,5,2010-06-03
65,31,5,2006-10-16
82,30,1,2057-12-12
15,4,6,2073-03-04
56,75,3,2085-09-19
41,47,2,2067-02-07
6,8,4,2050-02-13
49,65,4,2063-01-14
60,88,5,2024-03-26
44,72,6,2052-08-03
37,52,6,2002-04-18
30,22,4,2052-12-22
78,76,6,2008-12-08
62,69,5,2068-09-26
51,58,3,2002-06-01
40,97,2,2070-03-26
61,63,8,2060-12-01
78,65,9,2065-12-01
15,59,5,2020-11-08
85,29,5,2054-12-02
40,31,3,2067-11-25
77,66,9,2022-08-05
79,8,6,2041-07-21
17,85,5,2092-03-06
71,73,4,2002-11-15
40,3,7,2039-03-03
83,39,2,2045-02-04
56,93,4,2051-08-17
66,4,7,2001-02-15
51,51,4,2024-09-02
73,17,1,2077-03-08
11,88,5,2048-08-21
44,74,6,2094-03-15
41,56,11,2019-06-13
93,75,2,2063-10-06
68,77,3,2041-07-19
52,72,3,2001-01-22
83,45,4,2062-10-04
91,47,4,2090-09-07
44,72,8,2001-08-13
40,19,5,2086-05-18
96,35,8,2070-07-04
47,21,8,2047-10-28
14,26,5,2043-04-25
88,39,4,2079-09-02
9,47,4,2094-05-25
51,45,4,2061-07-07
49,83,3,2023-04-19
65,11,9,2048-12-11
70,68,9,2077-12-08
1,91,4,2055-11-14
86,92,5,2062-08-18
20,58,4,2063-03-21
52,66,1,2061-05-21
45,51,9,2045-04-02
29,44,10,2056-11-28
42,51,8,2015-07-04
87,1,3,2087-08-19
81,7,5,2034-03-23
45,34,8,2028-01-22
43,92,12,2092-05-02
57,52,4,2066-05-03
97,62,6,2047-01-19
57,40,7,2011-09-01
94,94,5,2029-05-10
97,86,6,2008-07-30
56,14,6,2040-10-16
16,85,4,2099-04-05
36,91,1,2002-06-06
60,34,3,2061-07-29
80,46,2,2038-12-21
21,46,6,2017-05-16
40,37,7,2054-09-08
24,28,11,2028-08-05
70,72,3,2055-09-29
22,72,1,2002-09-11
13,50,4,2081-05-16
19,1,4,2078-06-10
48,99,3,2093-07-27
3,42,5,2020-05-09
84,84,5,2068-05-04
39,10,4,2051-12-24
81,19,3,2081-02-27
43,73,13,2094-08-07
76,16,9,2051-08-23
42,34,4,2028-02-15
15,67,5,2080-04-13
31,38,7,2081-12-25
64,58,3,2061-02-17
31,12,9,2062-09-27
7,45,2,2072-03-01
56,64,4,2008-12-12
76,18,6,2013-12-01
17,95,5,2093-11-07
42,24,4,2003-06-01
8,29,4,2034-05-21
58,48,4,2069-03-17
43,35,6,2045-09-05
23,33,4,2047-06-16
41,68,3,2084-03-10
1,39,3,2066-10-21
75,17,7,2024-05-18
9,25,6,2044-04-25
74,46,8,2059-05-12
66,23,4,2070-11-07
46,10,6,2073-12-01
87,21,2,2069-05-01
81,20,1,2069-02-10
53,39,4,2070-11-12
45,91,4,2051-11-30
53,94,9,2067-10-06
20,40,6,2004-12-28
34,16,4,2045-01-25
17,13,7,2043-03-26
22,74,2,2055-12-31
93,84,6,2058-05-02
54,65,8,2017-05-16
93,1,6,2075-02-21
28,44,1,2020-01-13
9,45,4,2019-04-23
15,70,2,2038-12-09
58,45,7,2005-06-07
79,16,6,2009-12-25
59,55,7,2076-03-01
10,41,9,2048-11-12
79,51,6,2013-02-02
36,26,6,2084-03-25
91,37,5,2048-06-25
50,65,5,2080-07-07
28,21,9,2071-09-28
46,15,10,2070-03-07
46,93,7,2018-03-16
21,66,8,2018-07-17
69,46,2,2002-10-01
31,94,3,2062-06-06
65,98,3,2087-06-09
52,21,7,2025-08-20
74,89,5,2080-03-25
9,48,5,2059-01-17
54,31,6,2007-11-27
91,53,4,2042-09-04
55,42,2,2072-11-21
73,14,4,2057-09-26
5,33,7,2042-08-15
69,35,9,2016-02-04
8,3,8,2002-11-29
86,28,4,2098-02-26
69,84,7,2045-01-05
61,74,7,2087-09-27
20,48,3,2090-05-29
70,47,7,2026-04-15
32,17,8,2083-02-02
5,19,4,2073-11-19
50,78,5,2031-06-20
90,16,4,2041-12-20
41,66,7,2042-03-15
25,17,3,2023-03-28
70,45,5,2061-11-02
43,98,4,2094-10-10
77,76,3,2025-06-06
61,99,6,2026-11-21
49,18,7,2046-10-19
92,68,7,2074-08-09
36,1,7,2015-03-25
3,60,4,2015-12-15
27,75,8,2035-12-03
24,66,3,2029-12-18
1,24,7,2045-01-28
60,4,6,2010-07-03
82,54,5,2036-09-05
57,1,4,2063-08-29
29,38,5,2038-07-23
62,48,6,2003-03-28
70,23,4,2062-06-10
76,76,6,2051-11-09
58,30,7,2001-10-10
12,57,3,2000-06-05
58,49,3,2076-10-14
13,47,6,2054-08-31
0,5,5,2052-02-05
31,56,7,2025-05-26
60,99,7,2016-04-06
1,32,4,2096-05-11
49,84,0,2033-11-03
96,87,3,2010-10-07
4,59,9,2029-05-23
84,77,2,2028-11-14
28,35,7,2036-01-18
44,41,6,2025-03-28
41,57,10,2055-10-23
90,25,5,2049-06-29
61,77,3,2035-12-22
92,63,1,2025-10-31
29,74,6,2033-09-27
37,80,6,2003-09-17
72,41,2,2082-04-02
74,48,4,2089-07-11
12,55,4,2013-04-13
2,70,4,2069-12-12
53,74,6,2051-03-16
47,17,7,2040-02-16
93,35,2,2000-12-09
5,5,5,2038-10-15
31,89,9,2059-03-01
64,47,4,2034-01-06
90,37,6,2086-10-20
15,10,9,2010-11-07
94,0,4,2069-12-20
24,65,2,2089-05-21
42,3,2,2026-02-13
10,95,3,2014-05-22
80,65,6,2061-12-24
37,93,4,2063-03-07
6,88,7,2016-08-05
70,50,3,2015-11-19
13,7,6,2094-01-04
36,28,3,2048-08-16
70,93,7,2020-07-26
16,28,6,2059-06-14
99,67,1,2040-11-18
46,95,12,2009-07-07
35,27,8,2057-03-23
93,79,5,2022-12-07
96,55,4,2040-11-27
77,65,7,2058-05-16
27,69,2,2092-10-28
46,87,7,2021-08-06
83,93,5,2016-08-23
33,34,4,2039-06-01
97,60,1,2090-02-28
14,18,4,2019-10-14
14,43,7,2050-02-27
27,96,2,2022-07-22
87,66,1,2014-12-04
16,44,5,2014-01-18
73,49,9,2014-01-29
40,84,4,2017-09-20
90,88,8,2066-05-03
79,85,6,2020-08-09
98,9,3,2004-09-04
67,8,6,2062-10-05
55,89,6,2029-11-21
86,34,2,2052-03-04
75,77,6,2092-12-26
57,84,5,2028-02-28
62,80,4,2022-06-24
17,41,5,2062-03-15
41,95,9,2036-03-31
81,19,2,2012-01-12
28,61,3,2028-06-16
20,34,10,2008-04-17
70,51,2,2056-07-28
88,62,3,2088-06-06
21,11,4,2033-02-02
25,75,1,2022-06-26
40,70,4,2073-05-14
36,53,3,2099-04-19
45,66,4,2078-11-04
21,67,8,2068-12-23
4,47,6,2057-12-20
74,10,6,2041-10-30
0,28,5,2098-03-13
55,81,7,2070-07-18
23,20,9,2032-12-08
11,68,3,2059-08-03
20,26,2,2051-01-11
77,99,3,2048-08-01
34,64,6,2079-03-23
13,82,4,2075-03-03
45,21,7,2050-01-27
39,11,3,2060-03-04
75,67,3,2079-06-05
32,95,3,2055-10-30
81,52,11,2005-08-25
71,28,3,2004-09-14
20,91,5,2008-10-30
26,63,10,2007-04-21
4,70,7,2092-12-23
3,12,4,2005-05-04
83,88,7,2094-10-28
58,44,9,2016-09-23
79,2,4,2026-07-23
86,78,11,2080-04-27
3,42,3,2056-04-04
70,20,3,2086-06-03
40,37,5,2041-02-09
59,95,1,2064-05-20
6,45,6,2069-09-06
80,67,3,2094-06-15
10,34,10,2048-12-27
51,72,2,2027-11-03
4,47,5,2027-11-24
97,51,7,2091-12-09
90,97,6,2019-09-15
91,2,2,2042-01-19
72,16,2,2073-09-22
54,27,8,2092-08-03
48,51,10,2006-08-01
8,73,5,2034-11-08
99,44,6,2005-05-01
73,90,8,2010-09-01
36,62,3,2097-11-07
46,6,6,2029-05-23
26,9,2,2048-09-16
35,28,2,2057-03-14
37,35,6,2042-10-13
31,93,3,2053-11-13
48,36,8,2007-03-22
62,7,5,2040-05-06
40,42,2,2066-07-14
65,71,4,2012-04-19
87,71,4,2012-11-18
39,89,7,2029-12-07
32,41,5,2091-10-13
80,35,3,2039-10-27
16,39,6,2074-08-29
74,50,8,2004-01-08
18,50,5,2059-05-29
51,86,5,2077-05-16
6,83,3,2007-09-17
0,75,1,2072-05-24
45,11,5,2063-12-04
1,38,3,2046-08-10
22,38,5,2031-06-08
14,18,7,2080-06-02
9,5,1,2052-03-28
37,20,3,2020-09-27
99,79,8,2071-08-30
19,22,11,2046-09-06
69,34,5,2090-04-14
18,19,5,2049-09-21
25,76,6,2000-09-14
25,79,3,2052-04-08
17,82,7,2056-10-22
86,27,4,2019-04-02
59,38,9,2043-09-06
88,54,3,2055-12-09
91,60,5,2064-01-26
16,1,11,2048-06-23
47,66,1,2013-06-13
84,35,2,2072-11-02
75,35,6,2051-10-29
54,98,4,2034-12-05
14,22,4,2027-08-23
58,81,5,2003-10-11
73,96,4,2038-10-21
42,84,3,2054-01-08
69,51,7,2099-09-27
22,5,1,2054-07-04
1,42,7,2072-09-30
27,17,6,2020-06-18
67,56,8,2021-03-19
34,89,7,2083-07-07
7,33,6,2016-03-30
71,26,8,2098-06-11
10,77,6,2065-04-15
61,64,7,2008-11-12
99,95,4,2001-01-17
99,4,7,2015-04-10
25,50,2,2044-05-05
40,93,4,2040-09-27
39,13,9,2034-04-20
13,84,3,2014-09-23
51,84,1,2013-09-25
31,37,5,2076-07-31
99,65,5,2032-01-28
81,25,3,2005-09-26
86,81,3,2068-05-30
20,62,4,2005-07-08
61,55,5,2055-12-14
98,46,4,2004-05-17
75,27,8,2094-03-21
71,93,3,2086-01-12
32,29,1,2016-07-28
20,30,7,2013-05-04
58,82,3,2008-09-22
68,39,3,2015-03-13
96,51,8,2097-07-03
27,81,3,2073-07-18
49,22,5,2000-09-23
94,6,3,2002-08-12
28,72,6,2083-11-30
77,74,4,2096-08-18
28,55,7,2001-06-01
62,22,7,2046-05-29
98,69,6,2019-11-29
31,43,4,2041-11-22
24,56,4,2023-11-26
69,28,3,2036-12-30
41,13,11,2091-04-10
39,76,4,2084-06-20
79,58,2,2059-04-15
32,90,2,2085-12-24
59,45,7,2046-11-29
51,86,8,2060-05-13
76,33,5,2084-06-01
91,29,7,2036-02-05
33,73,4,2075-02-09
64,52,5,2015-04-17
67,51,5,2085-04-20
47,69,5,2028-10-11
17,45,11,2018-05-05
95,92,4,2030-10-07
92,0,3,2004-01-16
63,1,6,2054-07-12
30,9,3,2049-12-17
89,41,3,2092-04-27
26,59,2,2088-09-03
56,17,3,2023-05-11
99,91,5,2001-08-21
86,40,3,2068-07-10
90,11,3,2030-12-20
13,90,3,2068-03-24
56,34,7,2032-03-31
92,24,4,2000-10-03
53,98,6,2052-04-29
85,72,6,2080-10-12
99,38,1,2090-02-10
26,43,3,2098-10-11
61,98,6,2049-06-12
73,65,4,2064-08-23
77,84,4,2053-01-18
65,68,8,2083-11-24
65,13,6,2017-09-21
92,20,4,2000-08-20
22,3,3,2089-08-18
12,72,3,2059-10-07
57,51,4,2035-12-28
15,41,4,2089-11-06
19,73,3,2063-06-14
41,47,4,2043-09-01
53,21,8,2092-10-18
81,46,6,2018-12-25
42,31,8,2090-05-18
88,86,7,2044-03-03
86,10,5,2072-03-10
49,34,7,2070-10-07
86,71,4,2018-07-10
86,53,5,2005-08-07
73,69,8,2004-08-08
88,83,7,2077-04-01
33,0,5,2017-01-27
45,48,4,2056-04-16
6,25,4,2012-12-29
8,49,2,2030-03-18
95,4,5,2069-04-07
2,5,6,2088-12-11
53,24,6,2044-07-18
28,19,6,2022-11-29
88,50,9,2093-04-04
14,75,3,2068-04-03
10,18,6,2096-12-03
26,8,6,2003-12-29
75,21,7,2061-01-17
66,35,6,2070-07-09
8,48,8,2008-05-08
32,45,5,2038-10-24
45,15,1,2036-02-11
20,3,6,2000-05-31
24,39,6,2064-02-24
13,61,1,2021-10-05
15,53,4,2070-04-15
89,11,4,2041-03-11
92,31,5,2006-06-16
4,7,7,2005-03-06
65,9,5,2086-03-31
75,1,10,2012-01-30
85,30,1,2056-08-22
81,52,4,2094-02-27
42,58,5,2079-09-25
31,94,5,2027-09-11
46,62,8,2076-10-28
44,95,7,2038-10-26
75,20,3,2076-03-11
95,49,4,2053-08-02
20,26,4,2082-04-29
97,3,5,2079-04-12
21,9,5,2004-09-09
74,24,5,2051-03-07
48,11,4,2013-11-28
64,6,3,2062-01-05
58,85,3,2070-02-26
56,0,8,2076-02-06
24,28,4,2011-05-03
71,77,1,2029-03-06
1,27,3,2030-09-07
71,88,4,2035-07-14
75,47,5,2073-10-21
46,47,4,2078-01-01
77,25,6,2089-02-15
60,76,6,2082-08-05
73,12,10,2018-06-20
31,31,1,2097-10-22
62,4,12,2042-01-11
68,31,8,2096-11-24
17,26,5,2075-12-22
19,61,4,2070-03-12
37,32,4,2056-09-08
9,98,5,2052-03-04
12,74,1,2072-10-03
18,89,1,2096-02-26
14,18,3,2066-08-14
25,19,2,2046-08-27
30,77,3,2091-05-18
16,95,5,2063-08-01
93,25,3,2074-04-27
68,53,7,2093-10-22
84,82,3,2021-05-25
33,15,9,2042-03-17
25,19,9,2078-03-21
27,59,5,2029-04-24
26,86,2,2005-12-06
44,85,4,2015-04-18
47,55,3,2072-06-23
74,3,4,2070-06-17
60,57,5,2002-08-23
21,12,3,2023-06-17
88,10,4,2051-06-08
46,73,6,2039-07-17
87,2,1,2022-04-22
93,37,6,2042-02-03
2,94,1,2079-12-02
42,84,4,2019-03-28
35,29,3,2050-06-24
31,89,0,2011-03-20
8,4,6,2063-03-12
45,59,5,2040-04-19
62,26,6,2030-05-06
91,2,4,2025-07-20
45,13,3,2044-10-03
46,14,7,2046-01-13
2,5,2,2066-12-23
53,25,5,2033-08-09
42,78,4,2076-06-11
69,75,3,2060-12-02
70,54,4,2092-05-26
73,92,6,2039-06-19
63,77,3,2092-05-15
69,19,13,2096-04-24
48,66,7,2046-12-25
87,61,4,2032-07-10
64,16,7,2053-09-20
17,16,4,2057-06-22
68,94,6,2041-12-31
14,13,5,2009-08-13
79,12,7,2013-05-31
82,31,4,2059-04-26
82,96,7,2021-03-02
83,8,11,2040-01-19
72,7,7,2004-04-21
89,34,4,2043-03-10
57,37,8,2077-03-23
50,91,7,2093-09-17
42,50,8,2049-10-18
85,6,7,2028-03-19
50,72,5,2089-06-10
12,15,11,2040-04-17
98,93,8,2024-02-29
60,8,4,2089-11-12
67,54,6,2073-11-12
26,75,3,2030-01-30
96,93,6,2016-07-05
36,61,4,2091-08-04
1,5,3,2016-10-25
54,79,3,2039-10-23
87,16,3,2064-06-26
26,26,2,2062-10-03
59,36,4,2079-10-14
17,22,8,2065-04-12
5,92,5,2098-12-04
37,63,8,2068-12-21
79,14,6,2043-04-09
10,59,5,2036-12-18
75,38,4,2076-06-11
26,28,3,2093-01-16
19,89,6,2013-08-31
5,35,4,2018-07-05
93,11,6,2086-01-12
65,87,6,2092-05-10
94,47,4,2021-04-14
72,95,2,2030-11-26
32,81,2,2090-07-15
42,1,4,2064-11-29
26,5,5,2061-02-15
58,61,4,2020-02-03
91,70,5,2091-06-02
13,35,9,2080-01-21
28,40,7,2032-02-06
60,45,3,2052-02-14
77,78,4,2061-03-08
62,96,3,2004-10-21
55,59,4,2073-09-19
73,88,9,2073-08-17
1,47,5,2089-10-12
11,78,4,2012-10-24
85,75,4,2022-11-05
50,49,5,2093-01-11
91,12,10,2047-07-23
11,1,0,2024-09-25
25,56,6,2054-03-06
33,8,2,2024-05-14
8,13,3,2092-03-29
93,7,4,2027-04-03
68,12,4,2061-03-02
78,13,3,2032-06-17
85,84,4,2064-04-07
18,75,4,2083-11-18
24,64,5,2060-04-23
96,79,10,2099-12-25
3,37,6,2001-11-06
56,2,6,2001-08-08
68,93,9,2094-12-09
82,57,6,2013-10-19
61,69,8,2052-05-10
33,68,6,2036-11-20
8,17,3,2047-07-18
42,25,4,2059-08-22
9,1,3,2025-04-03
95,37,3,2000-06-07
7,56,8,2070-01-27
71,47,7,2033-05-20
69,54,9,2071-03-25
78,65,3,2098-09-20
16,11,5,2051-02-19
11,45,4,2011-07-04
34,30,3,2051-09-24
18,63,2,2018-01-01
32,31,3,2003-12-24
81,91,1,2059-04-23
72,72,5,2032-01-01
37,26,4,2034-02-03
93,95,7,2082-11-13
56,98,5,2069-07-15
84,59,4,2094-09-02
14,25,6,2009-09-04
82,58,5,2039-09-03
75,56,4,2009-12-31
37,30,6,2034-09-28
77,70,5,2092-05-09
58,18,4,2034-01-30
24,2,6,2054-10-01
98,29,6,2084-11-12
61,14,3,2028-01-27
51,27,2,2048-05-25
45,50,7,2029-06-13
47,87,2,2092-05-26
68,56,3,2030-09-02
92,72,7,2062-06-28
22,48,4,2046-12-05
19,76,6,2007-06-17
50,33,6,2001-11-05
60,95,2,2058-04-15
75,9,4,2022-09-23
96,78,5,2044-07-10
69,38,4,2084-04-28
32,72,3,2053-12-25
93,73,6,2078-08-16
74,65,5,2089-01-12
66,32,2,2028-09-17
45,70,6,2024-07-26
78,46,4,2009-04-26
65,79,4,2021-06-02
51,90,6,2065-08-28
1,19,0,2047-07-29
99,77,1,2065-01-07
76,77,6,2073-02-12
77,5,7,2010-03-28
52,21,16,2075-05-17
43,34,7,2004-03-29
1,85,3,2046-07-26
63,93,5,2082-10-27
55,20,4,2088-08-01
15,50,4,2011-12-29
99,85,7,2084-04-16
31,44,9,2032-10-29
52,76,2,2039-10-06
4,58,7,2024-07-30
33,78,5,2003-12-08
87,19,7,2076-06-05
63,79,5,2036-12-01
29,91,5,2041-02-08
70,97,7,2093-12-11
62,78,10,2049-08-09
52,34,6,2006-12-10
93,18,5,2040-01-29
77,5,6,2096-06-27
41,92,5,2052-10-30
82,78,5,2077-04-04
6,64,7,2011-10-24
26,60,4,2015-01-17
23,60,7,2047-08-01
76,15,4,2030-05-23
99,5,6,2030-03-23
47,18,4,2058-11-24
73,46,6,2050-10-07
16,93,6,2012-10-24
41,20,6,2057-10-23
93,82,6,2094-09-14
8,67,3,2003-11-17
22,55,3,2074-07-27
55,30,2,2004-01-17
94,71,8,2042-01-01
26,9,4,2002-08-27
3,79,7,2010-10-22
25,6,8,2037-06-10
9,20,3,2085-08-05
48,19,8,2044-03-01
85,66,7,2089-09-19
80,19,6,2052-12-26
90,57,7,2031-10-08
18,96,5,2066-01-15
23,84,6,2001-10-12
45,51,5,2008-02-01
67,64,6,2057-02-17
94,69,4,2090-04-19
57,57,4,2025-07-21
46,9,4,2027-02-12
42,13,3,2020-02-25
97,6,9,2056-10-16
14,79,7,2036-06-01
5,57,6,2077-04-29
85,28,4,2094-12-06
42,30,7,2001-05-26
53,39,6,2097-03-02
43,39,6,2082-11-18
2,46,4,2025-08-05
92,85,10,2043-05-30
64,21,6,2034-12-20
25,18,2,2065-04-28
0,90,7,2053-10-01
25,37,4,2049-06-22
82,48,4,2028-03-13
32,78,3,2022-09-16
12,9,3,2048-02-22
79,33,9,2041-11-01
92,38,5,2008-12-24
50,52,6,2062-01-25
46,39,5,2098-11-06
64,17,6,2048-03-03
3,41,2,2019-10-28
88,99,4,2096-10-31
93,23,1,2053-11-28
32,1,6,2085-12-16
39,81,7,2049-04-19
45,8,8,2062-09-13
62,43,5,2076-03-16
45,65,6,2056-03-04
32,0,6,2078-03-05
32,13,12,2030-08-22
82,80,5,2072-04-15
55,73,7,2050-12-21
59,98,5,2071-05-24
3,69,3,2094-04-07
19,5,6,2027-11-29
42,4,4,2025-07-17
4,53,5,2049-03-28
82,21,6,2050-03-27
78,66,5,2089-01-11
87,71,10,2037-07-11
97,49,6,2092-10-14
56,48,7,2012-06-10
96,9,3,2005-04-05
98,99,5,2090-08-29
38,39,9,2063-06-07
4,77,5,2044-01-15
31,74,2,2003-07-15
5,99,7,2081-12-09
34,16,6,2057-03-28
23,55,5,2036-09-21
29,74,6,2012-04-22
9,56,5,2039-06-18
33,66,5,2056-02-23
33,13,10,2040-07-03
58,99,5,2003-04-03
25,48,2,2033-03-29
63,77,5,2025-04-21
88,84,5,2053-08-14
10,99,8,2015-03-30
35,49,4,2081-07-11
22,65,6,2067-05-16
59,48,4,2095-05-22
76,14,4,2097-04-18
51,43,4,2090-02-24
70,35,5,2085-03-15
6,22,5,2045-10-31
13,91,1,2076-09-06
87,49,8,2063-10-06
66,9,6,2018-05-30
7,93,1,2093-06-21
38,7,3,2059-09-15
1,15,2,2063-12-28
17,35,9,2009-09-13
76,93,2,2071-11-20
88,8,2,2002-09-19
91,89,7,2086-02-17
58,70,5,2032-11-05
43,3,12,2000-01-14
96,56,6,2099-01-24
89,60,11,2074-01-14
9,98,4,2092-11-08
79,37,6,2038-05-14
96,63,4,2023-01-22
62,38,3,2049-04-21
31,32,2,2060-02-17
62,8,6,2005-05-10
12,45,3,2008-06-16
34,27,5,2064-10-14
10,81,8,2013-05-06
26,10,8,2014-08-09
21,96,3,2023-07-19
73,6,3,2008-11-17
29,75,8,2004-02-02
95,13,2,2028-12-09
32,37,4,2001-07-04
28,70,4,2054-12-28
18,21,5,2090-08-17
41,21,9,2013-08-02
93,83,2,2044-12-10
59,0,3,2051-09-23
98,53,3,2076-11-10
5,66,4,2073-08-12
80,12,3,2039-08-26
85,65,8,2022-01-22
27,40,5,2013-03-01
61,94,5,2049-10-29
32,11,4,2097-05-25
24,83,5,2049-12-18
85,15,7,2092-03-19
60,29,4,2039-09-21
82,47,3,2009-05-19
45,89,6,2025-05-22
17,76,6,2011-10-20
28,24,5,2004-08-04
1,4,3,2049-11-30
34,67,6,2031-07-05
43,46,6,2069-08-02
48,30,5,2000-08-24
85,30,4,2061-06-05
21,30,6,2051-06-22
87,47,4,2089-12-06
13,36,5,2070-12-15
24,89,5,2099-08-23
45,32,5,2007-12-28
52,23,9,2094-05-28
11,98,2,2034-08-21
90,29,6,2085-04-30
72,84,3,2038-09-08
27,88,3,2068-07-24
69,26,5,2096-06-04
12,91,7,2010-11-28
42,25,5,2086-11-13
8,10,2,2000-06-18
79,39,8,2018-10-16
9,39,7,2011-11-19
80,49,4,2068-08-26
15,93,2,2058-12-21
26,64,7,2013-05-06
51,2,1,2089-08-26
23,45,4,2076-06-04
54,29,2,2016-02-03
70,95,6,2049-06-29
10,73,4,2013-02-09
81,39,3,2095-11-01
85,20,5,2031-05-29
2,30,4,2014-02-07
35,4,5,2036-12-31
7,64,7,2045-05-10
17,71,3,2094-05-08
44,94,9,2024-10-06
4,17,7,2019-06-13
56,94,6,2052-05-23
89,88,5,2056-05-30
44,42,10,2049-05-23
17,76,2,2070-08-10
62,87,4,2044-12-16
51,0,2,2079-06-29
6,52,6,2015-10-31
90,63,3,1999-08-26
20,64,2,2011-05-13
1,47,5,2060-07-16
80,2,1,2057-01-01
10,11,2,2030-04-06
2,49,3,2014-03-29
7,97,4,2030-08-06
69,84,9,2012-07-16
76,55,5,2051-11-07
81,21,5,2070-08-15
70,67,3,2065-06-10
11,59,3,2035-12-11
63,97,1,2023-04-11
72,80,5,2061-09-18
75,69,5,2032-06-29
11,75,5,2035-05-06
66,67,5,2073-11-29
4,20,7,2008-04-14
89,47,4,2002-07-13
23,84,4,2026-07-12
71,72,7,2081-06-29
67,99,8,2008-01-08
48,87,4,2030-10-15
12,69,6,2087-06-27
20,36,3,2088-05-10
67,68,4,2082-08-26
27,83,2,2032-03-16
9,87,4,2005-02-06
90,58,3,2068-08-02
54,84,2,2030-11-27
30,31,2,2020-10-18
0,66,1,2054-07-15
12,8,5,2048-09-17
62,10,3,2034-07-16
98,20,8,2051-04-10
86,26,2,2099-10-02
50,14,7,2095-07-11
2,73,2,2084-07-07
49,79,2,2011-03-08
56,55,6,2053-09-19
53,44,5,2019-06-11
4,62,4,2069-04-11
53,7,6,2055-08-14
42,52,5,2049-04-24
56,56,3,2067-12-28
83,7,6,2051-04-09
87,21,5,2047-12-15
89,48,5,2003-06-11
50,4,7,2040-02-21
63,63,9,2081-07-04
83,35,1,2043-05-02
51,16,8,2066-05-29
24,91,4,2094-03-06
25,53,7,2016-07-10
23,52,6,2021-07-16
68,47,9,2096-10-16
78,6,8,2020-09-11
56,68,4,2084-08-17
82,63,2,2029-08-29
75,90,6,2014-03-22
34,4,5,2054-07-24
77,15,4,2023-07-13
42,55,6,2071-06-13
66,40,5,2046-06-27
12,30,3,2046-08-11
84,72,7,2066-01-22
50,41,5,2003-04-10
77,98,7,2055-09-16
4,61,4,2024-08-18
68,52,5,2039-07-28
5,72,3,2026-08-13
56,19,4,2044-05-04
23,54,5,2002-09-29
78,53,7,2077-07-28
2,81,5,2022-10-28
75,84,5,2063-02-13
57,1,4,2091-06-08
80,88,7,2041-01-24
10,92,5,2012-11-30
97,9,6,2048-04-30
1,93,6,2070-07-05
36,82,4,2067-01-07
82,20,2,2097-09-21
0,71,4,2071-09-07
80,34,5,2055-02-08
9,90,9,2086-02-18
70,32,7,2034-09-16
67,74,3,2065-07-30
72,40,3,2040-11-20
39,43,6,2075-10-17
44,46,3,2086-04-18
46,27,6,2057-01-27
72,69,5,2034-10-22
78,84,10,2042-12-10
46,33,5,2091-06-19
27,34,6,2048-06-20
33,39,1,2025-08-18
2,86,3,2098-05-05
29,84,6,2044-04-05
88,28,3,2040-08-03
76,38,4,2086-05-14
73,25,7,2022-05-13
41,55,6,2005-02-22
81,11,3,2065-06-27
23,43,2,2007-03-06
38,26,4,2005-02-08
91,48,3,2036-07-30
95,57,1,2014-06-11
86,66,5,2013-11-13
53,47,6,2013-03-31
35,41,7,2012-09-21
60,35,11,2017-06-24
50,32,4,2056-11-30
51,64,8,2077-10-16
15,75,6,2015-09-24
50,45,7,2045-05-25
30,22,6,2042-11-25
56,44,3,2001-10-18
59,97,6,2008-03-28
99,3,5,2060-11-23
49,26,2,2013-12-17
15,86,7,2097-08-02
17,77,4,2084-06-08
98,53,5,2018-02-14
62,56,5,2080-12-29
93,91,2,2042-02-25
13,51,4,2009-09-05
57,51,6,2017-01-19
6,98,4,2030-02-22
74,56,4,2029-04-07
4,39,4,2039-08-05
56,90,10,2026-03-19
92,19,6,2014-09-12
1,29,4,2015-05-21
31,25,6,2068-11-28
89,56,4,2091-04-30
53,77,4,2030-10-30
54,22,5,2021-05-23
48,60,3,2064-07-05
71,94,4,2060-07-15
36,18,5,2007-09-16
90,5,8,2091-01-28
86,29,10,2019-12-01
95,98,5,2019-02-18
37,39,4,2037-11-29
31,2,9,2021-12-13
95,15,7,2015-02-05
85,24,8,2099-08-22
32,96,3,2007-08-11
40,37,5,2048-07-10
52,57,8,2071-09-04
56,85,3,2053-01-13
51,57,2,2020-06-05
9,11,2,2018-03-17
60,91,5,2047-07-13
54,5,7,2096-12-10
14,57,4,2048-11-13
74,2,2,2064-02-19
4,27,5,2024-11-12
21,15,7,2054-07-04
25,54,1,2023-04-26
48,87,7,2014-04-18
40,3,3,2002-11-30
5,48,2,2015-08-26
69,53,2,2088-05-12
89,10,6,2080-07-22
68,3,4,2018-08-07
18,96,6,2042-10-12
42,18,6,2097-03-22
99,81,5,2060-08-01
89,28,3,2025-06-26
22,10,1,2015-02-07
61,61,4,2028-11-26
1,35,4,2062-05-11
92,13,7,2064-01-11
60,27,6,2014-02-15
9,25,5,2086-10-09
60,27,4,2085-10-27
95,9,9,2089-01-10
48,93,10,2061-01-31
25,98,6,2020-12-03
40,10,7,2067-09-24
97,30,5,2018-07-28
59,79,3,2084-08-27
11,98,5,2018-01-17
26,62,5,2076-04-12
66,29,5,2081-02-02
39,78,4,2067-05-08
17,71,6,2071-08-15
57,88,2,2029-01-09
54,79,5,2071-10-17
5,89,7,2088-10-23
75,64,4,2025-09-03
9,49,8,2033-05-02
64,24,5,2066-12-07
38,61,7,2025-01-10
23,68,3,2022-02-08
93,36,0,2056-08-02
59,13,4,2011-11-14
2,37,1,2044-03-14
2,1,6,2082-08-29
78,95,4,2097-01-06
11,51,4,2051-11-23
3,16,4,2083-12-13
51,33,3,2044-05-15
67,83,5,2024-10-27
40,37,1,2073-07-01
61,85,3,2085-05-01
37,68,10,2010-11-14
89,96,4,2095-08-04
69,59,5,2030-03-17
33,58,7,2059-03-22
77,53,4,2061-07-24
6,13,7,2021-03-29
87,7,5,2047-12-05
87,50,7,2040-09-20
68,80,4,2084-08-28
38,95,6,2012-07-20
10,9,3,2000-12-08
27,37,3,2034-12-26
32,60,9,2094-03-10
73,79,4,2007-05-16
68,99,6,2070-05-13
39,74,1,2000-07-05
33,68,8,2019-07-10
86,25,5,2041-08-01
76,70,6,2064-09-17
54,29,8,2019-01-15
94,61,6,2073-08-02
91,8,9,2017-12-15
3,6,5,2085-12-02
34,33,2,2092-05-10
38,1,7,2076-01-12
41,29,6,2080-07-20
41,87,4,2090-05-30
78,45,7,2050-09-02
56,28,8,2044-09-30
38,14,4,2037-04-02
12,33,7,2080-03-13
33,30,4,2010-03-26
83,70,3,2091-01-28
12,21,3,2026-05-03
7,11,5,2098-03-26
72,19,4,2026-03-10
27,87,5,2050-07-07
59,70,6,2005-07-03
75,87,6,2099-01-07
31,47,7,2006-05-17
63,71,7,2034-12-27
71,43,7,2090-04-07
13,38,4,2049-04-10
73,19,2,2060-09-10
37,43,5,2091-02-10
57,94,4,2052-07-30
69,90,3,2014-08-21
5,68,5,2008-10-25
66,95,4,2095-03-28
3,2,3,2076-09-04
2,67,5,2099-02-06
22,50,7,2066-08-29
33,22,7,2044-10-31
35,94,5,2034-12-23
73,86,6,2011-01-01
87,94,2,2045-02-02
71,76,4,2097-07-24
12,44,5,2079-10-04
27,54,6,2055-03-14
78,62,5,2061-05-13
42,29,6,2078-01-28
10,62,3,2055-01-01
64,96,7,2067-07-08
23,67,6,2007-04-18
83,50,3,2043-09-19
82,6,2,2046-04-30
64,13,4,2083-11-23
59,31,5,2049-07-31
33,36,6,2011-09-06
3,20,3,2042-09-20
27,48,2,2084-03-14
73,53,5,2086-02-18
21,14,6,2016-05-23
50,46,8,2098-02-03
89,80,3,2017-10-03
61,41,2,2043-06-18
59,7,5,2013-05-12
85,29,3,2046-08-30
44,51,7,2017-09-20
19,86,7,2032-04-08
7,21,1,2060-12-01
89,7,6,2099-07-10
61,45,6,2072-03-28
59,96,3,2012-08-13
88,25,6,2032-03-07
52,80,3,2070-07-31
19,41,4,2005-01-14
43,72,4,2026-10-15
99,79,1,2090-09-16
87,58,7,2035-03-21
60,57,6,2023-03-05
72,23,6,2038-02-10
78,95,4,2002-12-07
94,9,5,2007-09-04
66,24,6,2059-06-30
45,14,4,2053-12-03
53,17,4,2011-04-08
17,31,5,2037-08-25
34,25,3,2084-07-22
79,43,2,2024-04-12
24,65,4,2093-03-19
31,45,8,2057-09-01
16,87,5,2058-12-31
14,64,3,2029-04-17
45,1,3,2045-04-01
80,44,8,2094-05-01
86,13,5,2006-11-07
45,61,7,2028-03-31
83,15,5,2038-11-01
65,98,6,2090-01-21
55,51,3,2027-01-24
34,4,5,2042-12-20
14,81,4,2025-11-28
20,59,7,2028-11-02
64,93,6,2032-09-24
78,5,3,2038-11-19
4,1,4,2023-02-01
80,46,4,2065-02-13
15,21,2,2082-07-16
14,85,3,2069-08-10
74,87,9,2049-01-17
11,66,5,2006-07-29
15,77,6,2051-04-08
32,16,3,2075-05-22
18,12,3,2019-03-30
4,79,2,2086-04-23
72,86,9,2015-01-25
83,62,7,2059-06-19
67,50,3,2042-03-26
67,64,4,2080-05-29
21,6,4,2023-07-25
3,27,6,2031-04-01
75,10,2,2060-07-27
79,94,7,2095-08-12
1,64,5,2064-11-25
28,26,5,2075-04-05
92,0,4,2075-02-06
45,28,2,2000-04-26
47,81,4,2063-01-17
94,66,7,2079-12-19
36,91,8,2072-09-20
0,6,4,2040-03-09
42,85,6,2013-02-21
20,65,5,2034-03-06
93,24,7,2004-04-29
13,44,5,2071-04-01
9,97,2,2099-08-11
2,56,7,2017-05-21
4,94,4,2008-10-21
50,7,4,2039-06-08
16,78,6,2040-10-25
96,80,4,2069-11-25
77,81,4,2089-12-10
94,83,7,2019-10-31
85,66,6,2033-05-05
84,25,4,2011-10-20
94,70,5,2047-04-22
26,79,4,2050-09-06
97,11,7,2091-08-23
21,87,3,2091-03-21
12,15,4,2027-09-22
91,76,1,2080-06-08
79,97,7,2077-06-19
91,26,5,2051-08-20
34,53,7,2038-01-31
73,79,4,2047-07-14
16,49,9,2085-11-14
7,89,6,2019-07-09
64,17,2,2077-05-30
54,88,3,2074-10-27
19,19,2,2067-12-04
64,55,6,2010-04-18
3,16,5,2049-12-15
81,11,6,2052-12-03
98,92,5,2049-05-26
2,58,9,2021-05-18
96,61,4,2018-12-03
14,21,6,2043-03-15
55,84,3,2017-02-23
7,29,6,2008-10-31
71,95,2,2041-10-02
56,22,6,2002-01-24
89,42,5,2012-01-24
5,50,8,2035-06-16
39,34,6,2068-01-02
10,6,2,2091-01-25
37,93,5,2098-11-23
34,99,7,2067-04-30
27,34,3,2059-07-31
68,90,4,2042-02-25
85,71,4,2031-11-15
28,97,8,2069-01-02
43,80,2,2008-12-02
3,24,3,2026-12-17
90,36,6,2075-05-22
32,15,5,2007-11-26
42,61,5,2070-06-26
43,21,2,2007-09-12
40,95,8,2089-08-21
45,63,0,2006-11-23
45,36,6,2090-06-02
20,73,4,2087-02-05
26,56,6,2000-09-10
52,85,4,2083-10-09
63,72,6,2076-01-20
21,71,4,2019-06-29
24,80,1,2092-04-07
82,69,5,2028-05-30
4,13,5,2011-01-30
0,64,4,2043-03-28
78,22,6,2061-03-05
57,4,7,2037-03-17
22,24,8,2031-04-27
16,79,3,2087-06-05
13,53,5,2059-06-11
31,30,6,2018-05-29
34,78,7,2085-03-17
50,60,5,2092-06-21
59,24,6,2036-09-17
87,64,7,2032-10-11
60,95,4,2003-12-13
85,13,4,2088-01-31
28,44,1,2090-09-11
17,80,4,2047-11-30
13,66,3,2097-02-21
83,23,5,2074-08-01
16,28,6,2043-03-26
99,97,8,2012-11-09
16,73,2,2000-07-05
35,25,6,2065-12-13
57,76,8,2013-04-06
5,56,6,2059-09-07
43,41,4,2001-07-23
24,59,6,2051-10-05
81,40,4,2081-03-15
82,62,1,2030-09-08
33,38,4,2080-12-21
2,4,5,2070-01-17
72,33,4,2066-04-25
82,94,2,2023-09-17
13,74,7,2060-10-28
25,33,2,2034-01-16
26,15,9,2008-10-16
52,81,2,2032-11-19
31,9,2,2042-08-25
68,78,2,2064-12-02
26,6,5,2074-03-09
7,74,7,2084-03-18
10,22,9,2092-07-06
12,65,3,2052-08-23
17,87,7,2033-05-17
82,44,4,2083-12-19
71,87,4,2033-01-18
49,97,3,2030-08-04
37,82,6,2035-09-05
71,18,4,2071-12-19
6,72,3,2058-10-12
54,4,6,2034-05-14
36,3,5,2067-08-21
50,52,4,2072-08-16
91,53,5,2061-02-19
67,53,8,2094-12-27
92,10,3,2067-12-17
62,29,4,2017-09-18
30,61,6,2058-12-20
97,12,11,2041-10-12
20,95,4,2007-11-23
65,79,10,2041-04-03
22,76,6,2064-12-02
67,7,7,2006-06-01
60,99,1,2099-01-31
73,54,2,2072-03-19
55,14,5,2021-08-08
11,44,6,2005-11-19
45,44,6,2042-03-25
35,48,3,2020-07-03
51,81,2,2024-11-26
13,58,9,2032-12-25
94,34,7,2009-11-04
81,28,6,2071-05-08
85,86,6,2033-10-10
68,79,4,2015-05-10
62,69,8,2051-03-14
86,4,6,2070-08-04
60,39,3,2037-06-04
98,8,7,2055-08-24
88,90,9,2009-09-13
65,74,4,2081-06-27
14,83,4,2043-01-29
66,68,8,2026-11-11
81,40,8,2021-01-25
94,49,4,2098-08-05
62,18,7,2004-03-05
2,63,3,2003-11-22
22,40,1,2046-04-08
87,85,4,2062-09-02
81,5,3,2076-07-15
71,68,6,2060-02-14
64,32,5,2048-09-23
21,90,6,2056-12-11
22,55,7,2021-08-21
17,38,8,2087-08-01
30,74,2,2042-12-14
46,67,7,2002-11-01
45,27,1,2073-02-14
81,41,5,2035-12-28
43,3,5,2051-05-07
67,24,7,2002-05-05
8,62,2,2014-02-18
48,42,4,2063-06-08
71,43,2,2065-11-15
67,35,7,2080-02-04
53,8,6,2072-04-27
4,49,3,2023-04-25
52,97,4,2056-01-31
14,56,5,2008-05-04
30,22,6,2078-08-10
90,50,6,2001-10-14
27,48,3,2069-07-30
66,27,11,2008-02-17
35,12,3,2056-08-18
3,14,6,2059-07-07
2,70,4,2062-12-15
26,78,5,2061-09-28
75,90,8,2030-04-19
25,35,9,2073-02-06
70,54,2,2095-04-05
40,35,5,2042-11-26
73,22,5,2070-10-24
24,89,2,2047-06-15
52,42,2,2036-07-17
24,58,3,2076-09-24
34,54,5,2026-06-09
24,32,6,2057-07-19
24,11,4,2080-07-11
35,10,3,2070-03-29
72,73,3,2079-09-24
78,77,2,2045-07-21
92,91,5,2004-02-18
27,59,3,2090-08-07
73,12,1,2056-11-29
76,90,2,2053-09-22
13,12,2,2072-09-18
51,0,8,2059-09-27
98,7,6,2062-12-29
33,87,3,2069-01-22
19,79,2,2018-05-30
51,87,5,2075-08-24
47,92,5,2065-05-22
3,61,6,2052-09-12
4,32,3,2098-10-22
33,12,6,2038-01-10
90,28,6,2033-03-13
92,48,2,2013-01-03
68,28,5,2012-04-22
21,0,5,2059-12-14
28,43,5,2035-04-14
96,20,9,2050-06-11
2,3,5,2018-12-30
93,70,3,2046-01-02
55,31,0,2025-10-10
76,82,4,2077-01-10
69,60,6,2045-11-12
57,43,0,2080-04-25
17,0,7,2028-07-19
78,65,3,2043-07-07
82,63,8,2085-07-15
63,68,6,2037-09-20
74,75,1,2099-04-16
62,70,9,2072-02-20
67,50,5,2027-09-18
35,28,9,2062-01-21
99,72,2,2012-05-17
30,43,5,2096-06-27
35,43,6,2061-09-22
77,63,7,2090-05-02
9,22,6,2013-08-26
0,9,4,2076-12-24
17,16,6,2090-12-13
81,31,4,2002-08-08
53,8,4,2087-02-15
90,99,7,2064-06-25
25,26,11,2017-12-04
51,80,8,2008-09-16
86,91,6,2063-06-03
75,73,4,2073-05-07
26,91,2,2053-10-04
82,4,3,2096-11-12
10,78,7,2065-12-31
57,9,3,2099-08-07
16,96,11,2060-05-22
67,38,2,2044-01-09
74,9,2,2052-10-14
63,0,2,2096-02-25
33,95,5,2001-11-15
62,97,4,2027-01-13
61,99,8,2052-09-13
12,81,5,2087-05-01
18,47,10,2077-08-28
64,92,5,2045-01-31
97,62,6,2088-06-16
85,68,7,2017-10-31
51,64,3,2075-09-02
86,27,7,2008-10-18
29,64,2,2038-08-21
69,93,7,2048-02-13
65,53,3,2098-08-21
10,91,5,2090-05-02
71,11,2,2070-02-11
26,33,3,2068-09-21
76,20,2,2084-10-26
41,33,2,2048-01-17
61,80,6,2094-09-08
93,33,2,2022-01-28
12,72,8,2012-03-02
18,69,7,2053-10-07
25,56,5,2022-01-12
57,41,6,2096-11-05
24,15,5,2079-09-27
25,98,7,2023-09-07
56,39,12,2032-06-26
38,3,4,2038-01-10
15,12,5,2094-07-03
24,29,7,2019-12-21
78,69,6,2036-03-08
68,51,8,2052-11-03
8,22,5,2083-08-07
73,75,4,2018-09-22
39,71,5,2078-01-18
29,6,8,2055-08-16
27,80,5,2087-12-17
68,76,10,2009-09-12
29,23,6,2062-09-28
46,43,2,2011-02-26
58,9,4,2057-06-02
22,37,3,2054-11-18
57,13,8,2039-10-06
8,48,7,2001-11-23
35,94,9,2051-06-13
73,97,6,2044-09-22
50,44,4,2006-02-05
2,54,7,2061-02-04
28,96,3,2077-12-01
25,63,6,2085-08-12
87,71,8,2087-06-14
90,58,4,2083-11-03
78,45,9,2059-01-07
5,46,3,2014-05-23
30,15,1,2089-12-12
53,76,5,2063-01-30
29,9,5,2022-01-14
1,81,3,2019-12-06
0,20,3,2061-10-01
74,68,5,2037-12-20
63,80,6,2090-02-24
10,53,1,2078-04-28
77,7,6,2089-10-28
40,56,6,2067-10-24
54,54,5,2043-03-07
15,77,7,2015-09-01
17,9,11,2056-09-23
53,73,7,2051-01-10
98,42,8,2027-03-15
26,0,11,2098-07-29
58,43,10,2052-11-27
66,9,7,2033-02-24
36,18,6,2089-06-14
81,80,6,2040-02-05
34,46,5,2026-07-08
0,29,4,2037-08-04
93,99,3,2021-09-13
0,11,5,2063-12-07
8,2,4,2039-08-15
93,9,4,2054-07-14
62,2,5,2060-06-29
30,26,5,2012-02-18
80,24,7,2010-07-29
17,88,6,2096-08-03
57,55,2,2002-10-03
79,24,6,2065-05-11
52,29,6,2074-09-16
9,90,3,2063-09-21
67,62,7,2000-11-05
83,19,3,2013-12-06
46,54,5,2042-09-06
92,91,3,2055-10-01
75,53,7,2025-02-22
34,77,10,2040-07-08
1,29,3,2013-01-12
1,87,9,2022-02-23
97,33,8,2042-11-12
5,66,7,2088-11-02
69,39,1,2058-01-15
11,28,2,2027-09-14
70,74,6,2084-04-26
63,26,6,2008-11-30
37,20,5,2002-11-10
53,41,2,2088-01-06
71,46,6,2077-09-16
87,72,5,2075-01-15
47,22,6,2083-10-05
42,9,4,2011-03-01
51,86,6,2012-05-22
28,11,6,2062-01-04
85,29,6,2074-07-01
43,41,5,2076-06-18
86,23,4,2075-11-28
39,66,4,2072-04-25
90,14,6,2022-09-11
78,25,6,2084-02-23
60,86,4,2062-12-11
82,73,8,2024-12-16
12,90,3,2085-06-30
22,66,7,2018-10-10
79,30,3,2039-11-22
2,16,6,2062-01-02
98,7,8,2074-01-03
65,32,5,2038-08-16
85,22,2,2048-11-08
41,60,5,2051-05-15
62,53,4,2069-04-24
48,41,3,2083-07-07
50,87,5,2043-09-12
30,41,3,2049-12-24
59,63,5,2011-10-21
60,13,8,2023-11-10
68,79,8,2012-11-10
69,95,9,2087-10-07
68,62,6,2022-11-21
94,96,7,2038-11-19
21,79,6,2066-05-24
42,45,4,2005-04-26
47,28,7,2006-03-04
63,92,5,2079-09-24
82,6,9,2040-04-27
31,96,5,2093-10-05
23,46,10,2029-01-03
33,52,4,2027-04-09
36,11,6,2038-02-09
93,1,7,2062-01-01
25,28,4,2065-09-03
87,64,5,2009-09-20
35,63,5,2005-05-24
88,99,5,2035-08-08
66,91,7,2069-11-28
82,81,6,2088-11-20
66,7,1,2090-01-17
97,40,6,2002-04-11
88,2,5,2052-06-06
48,28,9,2007-11-11
75,95,5,2029-04-28
73,99,3,2072-02-11
74,63,6,2059-12-30
33,69,9,2091-08-22
81,27,6,2076-02-12
44,81,9,2077-07-16
78,14,8,2051-01-15
78,69,5,2055-11-09
50,65,4,2083-02-25
42,80,3,2067-01-25
17,34,4,2027-03-21
24,13,4,2011-08-14
86,79,5,2052-10-06
27,30,3,2041-07-13
94,82,6,2078-07-14
15,11,0,2006-12-25
6,27,5,2002-04-24
5,2,4,2017-04-24
65,9,4,2093-09-14
73,82,7,2017-03-30
42,50,7,2026-02-05
94,98,3,2035-11-02
85,54,4,2079-01-13
59,46,4,2073-01-23
10,39,6,2016-02-23
22,87,4,2036-11-19
98,33,8,2061-12-23
84,21,3,2047-11-25
81,78,8,2046-05-24
87,18,7,2081-08-25
54,86,9,2050-06-27
48,85,5,2009-08-16
3,15,4,2079-06-11
38,63,9,2057-11-04
99,84,4,2054-09-12
29,67,2,2074-05-30
22,35,4,2044-11-29
63,93,6,2063-02-04
60,72,3,2080-10-09
83,93,3,2040-05-25
73,60,0,2013-08-03
13,49,4,2061-08-02
43,53,3,2050-09-13
5,31,4,2093-09-13
3,56,4,2054-03-11
80,1,5,2067-08-26
76,27,0,2061-02-23
60,10,12,2079-01-08
79,38,4,2032-09-13
25,88,3,2061-08-16
73,35,6,2003-05-07
90,66,6,2059-02-04
84,36,2,2089-05-31
60,90,2,2060-06-26
83,87,5,2074-09-29
86,20,2,2018-12-06
60,82,2,2080-06-03
19,40,5,2028-05-01
36,85,5,2015-06-19
92,36,7,2082-11-02
58,25,5,2038-10-31
84,61,8,2059-01-20
38,85,4,2017-07-07
68,60,4,2085-08-05
65,62,3,2026-06-21
11,71,5,2088-04-12
43,63,9,2061-12-14
65,27,2,2029-03-26
29,76,5,2075-02-21
97,24,6,2044-10-05
55,10,9,2031-03-16
40,84,4,2069-10-15
96,52,5,2072-01-05
63,28,4,2013-08-08
55,94,4,2089-08-30
20,69,4,2092-02-24
82,17,7,2006-06-29
44,30,8,2016-05-02
51,0,7,2098-08-03
25,60,6,2059-08-08
53,65,12,2077-04-20
44,48,4,2004-03-02
50,72,2,2034-09-28
93,68,6,2083-02-02
68,33,5,2075-05-16
10,50,5,2095-06-03
74,31,2,2014-12-04
8,61,3,2078-11-01
72,42,5,2040-04-16
98,29,7,2010-12-06
82,92,3,2027-09-06
11,16,8,2090-08-06
69,62,11,2033-02-14
50,95,3,2090-09-17
62,86,5,2039-06-03
58,22,8,2032-05-15
68,95,5,2066-11-15
24,39,3,2029-03-12
78,32,8,2045-03-31
83,72,3,2058-10-12
61,36,2,2008-08-09
57,3,4,2023-06-18
59,42,3,2027-11-17
88,6,2,2099-09-11
27,72,8,2004-09-04
73,49,2,2075-11-21
65,91,3,2079-11-03
72,44,3,2066-12-08
11,43,4,2000-11-08
92,16,5,2019-08-04
62,41,7,2073-04-05
48,98,7,2070-02-23
20,6,4,2003-12-11
87,75,10,2077-03-26
56,44,8,2009-11-22
66,15,5,2079-04-02
20,92,4,2026-02-26
55,58,4,2055-04-04
71,11,6,2000-02-27
65,60,5,2054-11-28
39,52,4,2003-04-27
80,93,7,2021-12-10
52,13,5,2067-06-15
55,46,6,2086-12-10
33,85,5,2051-01-09
26,61,3,2005-01-02
8,17,7,2078-05-03
55,98,3,2079-02-01
79,36,5,2043-02-22
66,82,1,2003-03-30
58,38,5,2075-12-20
26,42,6,2096-05-17
30,10,1,2003-08-07
21,67,6,2088-10-23
86,35,2,2068-03-08
97,5,8,2079-02-14
42,68,8,2070-09-06
71,98,5,2052-05-30
88,23,4,2035-01-19
88,47,7,2050-11-13
65,75,6,2032-04-14
79,51,6,2036-03-28
9,58,5,2046-10-02
82,24,5,2031-11-10
71,41,8,2079-01-27
75,13,5,2011-11-04
49,90,3,2080-06-03
31,8,2,2080-09-28
41,39,8,2046-09-11
20,14,5,2080-06-03
7,47,7,2085-07-03
29,26,6,2031-08-31
50,49,7,2069-06-15
98,20,5,2030-10-02
11,78,9,2031-02-18
47,51,3,2015-07-10
29,55,2,2067-12-15
60,27,6,2044-01-27
19,82,1,2011-07-21
3,79,4,2038-08-29
15,2,3,2097-03-19
84,17,3,2099-06-25
17,41,3,2036-12-27
94,60,8,2087-11-30
95,91,6,2032-01-17
97,98,1,2097-09-04
49,0,4,2005-12-30
71,15,3,2028-10-15
66,80,6,2037-05-18
49,71,5,2019-12-27
8,0,3,2050-11-15
50,67,2,2098-07-20
16,68,3,2093-12-25
95,96,2,2029-12-14
63,22,4,2038-12-02
12,22,6,2097-10-02
8,10,6,2059-09-13
0,40,6,2037-03-11
30,58,7,2004-01-22
55,57,8,2097-08-23
43,29,4,2094-09-01
41,9,7,2095-02-08
17,48,7,2057-05-25
79,0,6,2079-07-23
72,96,8,2048-08-10
3,32,4,2014-08-16
61,81,2,2079-01-01
48,12,2,2094-04-02
26,52,2,2081-07-12
89,76,1,2058-12-04
71,30,3,2071-11-28
86,47,7,2028-09-30
70,10,1,2080-09-20
20,77,9,2052-08-23
61,22,6,2080-11-13
47,99,3,2018-04-07
94,65,5,2042-02-17
38,84,10,2050-07-28
73,60,8,2023-06-13
31,47,3,2080-01-04
49,5,5,2035-08-13
85,74,9,2078-01-01
1,2,2,2069-03-22
78,54,9,2087-06-01
2,48,5,2078-12-06
81,45,5,2075-09-03
81,89,6,2031-09-04
86,54,5,2086-06-26
99,76,4,2034-06-03
49,58,3,2079-03-25
97,55,4,2027-10-06
37,67,7,2036-11-13
96,94,9,2097-03-30
40,85,6,2085-04-25
38,48,6,2060-01-01
49,95,4,2018-03-04
7,6,6,2076-12-14
64,96,8,2079-06-05
78,25,4,2078-02-20
91,97,6,2003-10-14
99,83,5,2083-11-20
99,23,1,2009-08-09
59,93,8,2015-04-25
71,41,2,2033-04-01
60,13,11,2007-06-13
92,86,3,2079-11-08
70,40,6,2086-09-22
20,57,7,2053-08-11
34,35,5,2025-03-07
88,53,5,2023-04-13
71,72,4,2021-05-14
95,31,3,2031-06-13
96,57,3,2084-06-04
19,37,5,2013-10-28
79,93,5,2088-07-11
40,49,2,2062-03-08
6,61,4,2015-06-14
34,20,3,2046-04-24
94,1,6,2026-08-17
28,49,4,2091-05-13
84,87,5,2063-10-06
20,85,1,2047-01-23
87,96,4,2083-11-05
19,7,4,2020-12-03
77,64,4,2040-01-06
69,93,1,2075-04-24
19,18,3,2043-08-24
70,0,4,2040-05-03
63,61,7,2029-09-03
33,29,6,2052-09-08
91,51,7,2008-12-17
21,64,5,2090-02-22
17,71,6,2069-11-14
11,17,6,2098-08-12
90,17,3,2054-10-22
2,70,8,2026-01-11
14,42,4,2055-08-02
91,14,3,2033-07-09
63,41,5,2037-02-16
46,0,1,2090-05-21
98,53,5,2097-03-03
2,76,9,2075-08-23
54,11,7,2004-02-08
1,69,4,2018-08-01
76,53,2,2089-10-20
65,76,2,2026-09-16
64,42,4,2031-07-10
24,37,0,2018-04-27
57,57,10,2089-05-11
17,95,3,2089-04-15
48,26,3,2067-06-25
83,16,4,2043-10-19
26,56,3,2015-06-27
19,7,6,2075-02-09
4,51,11,2049-07-24
61,11,8,2020-10-25
1,17,3,2050-01-21
86,63,6,2037-01-13
59,23,3,2050-12-05
21,60,2,2058-11-21
97,13,2,2066-08-11
15,93,5,2015-02-12
77,32,2,2065-01-20
1,96,6,2087-10-21
43,21,5,2071-08-28
47,92,7,2005-06-20
20,51,3,2040-02-16
31,38,8,2088-12-16
50,65,5,2082-03-20
16,51,5,2065-07-18
66,50,4,2010-03-10
17,85,8,2010-01-11
95,99,3,2022-08-26
64,89,5,2022-04-10
86,64,2,2070-02-10
51,11,8,2030-09-06
81,66,4,2018-11-10
75,35,4,2082-07-17
98,30,5,2008-08-27
46,65,4,2083-11-03
63,70,1,2030-11-24
81,5,5,2051-12-26
49,7,3,2023-12-20
7,34,6,2045-07-24
9,24,6,2043-01-11
68,9,7,2013-04-05
51,38,10,2062-04-14
97,92,7,2009-06-15
47,2,0,2055-01-17
11,52,5,2028-07-13
97,23,6,2075-10-30
80,50,8,2076-04-08
84,34,7,2055-12-10
70,67,8,2007-10-27
24,98,6,2016-10-11
62,40,7,2038-04-22
80,6,6,2027-12-08
23,84,7,2047-04-25
32,45,5,2097-04-06
5,85,4,2018-01-18
57,15,6,2085-03-03
24,7,4,2070-06-20
68,51,4,2012-01-07
76,89,4,2041-06-27
21,92,5,2069-10-24
56,61,6,2073-04-01
79,0,5,2089-09-04
97,37,7,2033-05-19
18,2,4,2061-02-16
77,96,8,2069-12-30
52,82,3,2038-09-25
95,29,3,2060-04-29
72,10,10,2043-02-06
25,34,4,2074-11-26
30,41,9,2094-11-20
0,18,3,2009-07-27
54,58,0,2059-09-25
62,94,8,2017-12-02
10,81,7,2059-02-15
68,52,4,2086-07-30
57,8,4,2097-09-21
99,66,5,2050-05-19
66,80,4,2082-01-06
62,54,6,2040-07-23
8,65,6,2030-04-16
61,99,6,2031-01-05
74,71,4,2043-05-29
69,93,5,2040-11-28
14,75,10,2065-09-07
93,17,4,2026-09-06
90,10,6,2076-07-20
61,43,3,2044-01-28
41,64,5,2041-03-09
28,37,5,2098-07-28
16,55,4,2090-01-23
33,42,7,2042-01-06
5,4,3,2073-11-20
2,11,6,2062-02-02
35,19,2,2076-07-02
27,57,4,2059-04-26
31,60,1,2008-03-11
56,53,8,2041-09-20
82,35,4,2093-11-04
40,92,7,2087-12-27
30,14,2,2062-12-22
30,66,2,2006-05-18
63,13,3,2099-01-19
93,46,4,2047-04-18
54,7,6,2000-10-25
3,40,6,2083-10-29
57,7,9,2049-08-08
94,98,8,2066-02-06
3,94,3,2089-09-01
87,89,2,2063-12-22
14,12,3,2063-07-23
29,34,6,2024-03-24
73,30,7,2038-11-11
11,28,1,2045-08-02
28,18,1,2072-02-18
71,91,5,2053-05-24
18,52,3,2006-08-31
5,81,4,2062-12-19
69,34,6,2064-02-13
56,87,6,2009-03-17
21,18,7,2040-08-20
56,54,8,2070-07-17
45,13,5,2047-10-02
22,93,7,2015-07-13
68,91,4,2042-02-01
15,25,3,2069-10-26
76,16,5,2086-12-27
54,45,5,2088-02-23
56,43,1,2081-03-10
88,67,7,2092-10-29
62,82,8,2094-01-01
10,67,4,2080-03-22
10,89,3,2045-01-05
32,53,3,2050-12-07
69,81,8,2083-02-05
89,91,8,2033-09-26
5,40,7,2015-04-30
83,89,4,2085-03-16
2,98,2,2069-12-31
46,41,7,2071-08-26
15,89,9,2089-03-23
83,97,9,2097-02-28
90,95,5,2032-11-22
47,42,6,2074-02-20
57,69,9,2081-08-16
91,16,3,2028-03-28
32,17,2,2083-08-24
29,71,6,2014-11-07
90,67,8,2078-09-07
45,66,3,2046-03-23
20,11,4,2051-03-18
24,17,5,2000-09-01
72,76,4,2007-02-08
75,16,3,2096-11-20
78,37,7,2044-07-24
82,18,2,2031-12-08
81,71,9,2065-03-19
58,64,6,2043-08-09
84,46,4,2052-06-20
89,33,8,2058-08-06
77,61,6,2049-04-06
78,72,7,2093-05-27
56,66,5,2071-11-16
99,45,2,2046-07-17
69,75,6,2089-01-30
24,80,2,2016-10-21
80,91,7,2061-08-31
45,26,7,2000-07-08
69,55,7,2020-01-22
19,74,7,2013-01-15
49,85,6,2076-10-02
51,71,6,2045-10-17
64,51,7,2075-12-10
36,66,6,2047-02-11
54,80,2,2028-05-28
26,82,9,2009-09-19
24,73,5,2081-12-09
13,34,3,2057-05-20
17,9,3,2074-03-13
49,42,8,2037-02-08
33,15,4,2038-07-06
31,90,7,2034-06-17
19,95,6,2047-10-07
76,41,6,2028-02-27
44,61,6,2020-08-26
27,31,6,2096-04-26
51,13,7,2086-09-02
75,28,5,2066-07-04
26,2,2,2078-06-26
54,34,4,2059-09-17
70,53,5,2041-04-09
55,55,4,2026-06-30
64,5,5,2049-01-12
17,73,3,2017-03-17
63,83,5,2091-02-19
64,89,5,2028-06-04
36,39,3,2087-03-22
75,48,7,2065-09-17
99,28,8,2003-09-12
98,39,5,2057-11-22
19,40,5,2039-03-16
60,17,10,2084-02-22
22,17,4,2015-02-16
67,57,2,2080-10-28
9,58,4,2039-08-04
6,4,9,2020-11-11
28,89,2,2033-08-07
20,49,2,2063-02-18
73,5,1,2084-05-15
50,78,8,1999-09-16
62,87,4,2081-01-15
12,68,5,2085-07-14
15,40,4,2051-10-26
69,90,8,2077-03-13
45,65,3,2051-10-27
76,15,3,2044-03-12
46,73,2,2032-09-14
22,76,9,2031-06-16
90,86,6,2050-05-19
99,65,2,2075-09-14
50,84,3,2079-08-07
92,31,6,2002-09-12
98,84,7,2078-03-12
1,54,6,2072-06-14
52,91,4,2051-09-12
77,36,4,2071-09-30
52,12,5,2007-08-22
21,96,12,2071-05-03
35,12,7,2041-02-09
71,73,8,2064-01-28
9,73,1,2025-06-19
94,73,7,2040-09-19
66,43,5,2018-08-02
87,58,5,2040-05-02
3,55,4,2009-11-21
58,92,4,2015-07-20
18,38,2,2067-10-07
54,49,8,2019-02-18
26,54,5,2018-08-03
40,29,7,2074-02-16
86,24,3,2032-02-27
1,13,3,2079-05-02
85,69,7,2093-06-13
65,98,4,2090-02-02
65,33,7,2078-05-06
47,49,9,2071-11-27
95,68,4,2054-06-29
30,27,6,2047-08-02
60,61,8,2017-12-03
91,2,2,2082-09-10
52,48,3,2000-05-24
73,76,10,2041-06-08
82,60,4,2069-10-07
26,26,2,2055-02-20
31,72,2,2042-08-18
71,52,7,2018-06-09
22,96,4,2049-08-26
48,61,8,2068-02-26
14,77,5,2054-05-01
17,67,10,2013-01-15
37,40,6,2088-09-03
62,5,5,2054-07-29
31,89,5,2062-02-13
88,87,8,2054-02-28
38,26,5,2000-05-16
25,43,5,2006-05-26
20,27,7,2011-02-01
70,38,4,2032-06-17
3,69,3,2043-04-05
45,79,4,2092-07-16
65,60,3,2042-05-07
84,33,1,2066-06-08
66,68,2,2041-08-27
83,65,5,2065-07-11
19,35,4,2051-12-14
48,35,4,2026-10-11
35,38,2,2068-01-29
86,79,2,2084-07-11
88,43,10,2076-04-01
43,55,3,2036-08-29
75,85,5,2002-09-04
75,37,5,2049-04-21
50,48,4,2005-03-28
44,63,5,2046-06-04
53,58,6,2050-06-29
97,82,7,2099-04-25
34,35,5,2060-04-12
70,54,2,2015-12-19
40,99,9,2005-03-03
3,63,6,2009-02-10
58,69,4,2027-05-27
73,16,4,2085-07-01
0,12,6,2053-12-08
82,36,3,2074-08-30
43,74,2,2032-03-21
32,97,4,2010-11-29
14,10,8,2088-08-17
68,46,4,2043-08-25
99,68,10,2065-08-25
63,19,11,2081-10-13
34,27,7,2024-12-24
96,51,5,2089-10-22
7,13,4,2084-02-20
72,40,3,2032-02-20
25,45,4,2014-01-01
59,13,5,2016-03-19
23,45,5,2050-09-17
31,58,3,2059-08-30
81,55,5,2026-04-27
30,11,6,2007-02-24
30,48,3,2088-05-10
1,16,7,2052-09-17
99,91,6,2006-06-01
66,63,3,2012-03-13
14,42,5,2075-04-06
61,24,8,2060-01-11
37,53,8,2072-08-28
97,4,4,2035-06-01
85,47,7,2026-08-18
92,26,5,2058-07-17
99,75,2,2041-12-16
88,73,3,2002-06-28
46,83,3,2033-05-08
18,39,4,2091-11-24
61,9,7,2054-08-12
45,65,4,2049-11-05
65,16,1,2079-11-03
99,58,4,2097-03-20
90,78,7,2047-01-17
88,90,7,2041-01-30
61,41,4,2042-03-14
60,66,6,2095-05-23
84,40,4,2044-12-14
23,36,6,2012-03-15
2,68,6,2090-04-29
78,98,1,2089-10-26
87,3,6,2087-06-22
62,98,5,2072-01-29
85,26,5,2085-01-11
39,54,9,2012-08-27
47,20,4,2046-09-20
2,15,5,2046-01-20
70,16,5,2033-10-15
50,79,5,2058-10-30
86,86,0,2032-01-12
74,52,6,2008-09-19
96,87,1,2088-12-19
27,69,3,2032-07-15
85,70,6,2083-04-09
72,66,3,2001-04-05
70,88,4,2054-11-19
34,99,7,2086-02-20
59,76,5,2041-12-27
2,7,5,2081-04-16
14,47,4,2059-02-18
13,91,5,2091-06-09
34,81,11,2058-04-27
28,79,1,2016-04-16
32,94,3,2055-06-28
21,90,5,2024-04-30
66,99,8,2021-06-02
4,15,4,2049-07-15
50,81,4,2097-10-20
46,61,6,2040-03-01
83,67,9,2026-10-20
14,19,3,2098-11-20
40,76,7,2010-11-27
37,98,4,2027-03-03
94,90,6,2016-05-13
74,10,3,2049-07-03
92,86,7,2062-09-05
35,37,5,2084-12-26
44,12,5,2046-02-09
75,35,4,2065-06-23
63,66,6,2020-05-06
90,72,8,2055-04-25
76,55,5,2078-12-27
17,61,6,2069-05-11
14,67,2,2059-07-27
95,66,3,2023-01-17
68,77,2,2095-06-09
15,93,5,2024-05-18
3,74,4,2076-11-05
6,55,4,2084-01-10
47,13,5,2004-07-30
12,48,4,2004-08-19
96,93,2,2018-06-30
7,35,6,2078-11-18
49,87,7,2005-10-06
21,82,5,2011-09-01
83,16,2,2044-11-07
22,30,4,2031-04-12
12,59,1,2021-08-02
91,10,6,2041-06-13
75,82,4,2018-08-23
22,85,9,2096-11-20
37,30,6,2057-10-06
2,46,6,2062-08-28
5,20,5,2074-10-17
95,24,4,2047-07-06
46,74,1,2071-11-24
20,61,8,2097-04-11
95,72,5,2074-03-08
16,92,5,2075-04-19
3,78,8,2064-11-02
8,53,2,2068-07-16
19,75,10,2010-10-04
42,82,3,2087-03-23
81,18,2,2012-09-12
43,19,7,2000-03-04
57,92,4,2034-07-18
68,67,3,1999-10-30
29,37,2,2081-08-01
0,37,1,2055-09-01
88,87,2,2026-12-27
34,7,7,2066-07-31
30,59,5,2047-11-29
63,18,2,2087-06-26
58,81,3,2015-03-11
41,42,6,2099-07-09
59,8,3,2053-09-16
99,9,2,2000-01-07
12,94,3,2052-06-08
90,68,6,2016-02-05
9,53,4,2059-04-21
14,18,3,2060-12-24
37,10,5,2035-03-17
32,63,5,2042-07-03
12,94,2,2035-05-25
12,25,1,2095-10-13
30,98,8,2031-01-19
91,94,4,2017-12-23
69,63,8,2033-12-14
41,37,10,2032-12-19
96,76,3,2067-12-06
4,26,7,2014-07-30
35,37,5,2071-12-27
91,52,4,2057-10-15
41,12,7,2019-04-03
54,51,6,2087-12-29
2,75,6,2088-05-23
99,79,5,2081-01-24
17,19,7,2008-08-30
50,85,4,2068-11-24
85,3,9,2036-07-30
43,15,6,2025-01-21
30,70,5,2089-07-05
48,76,5,2066-05-11
70,91,6,2070-03-01
9,22,4,2062-10-15
8,70,4,2070-01-29
76,62,8,2081-04-24
53,66,1,2080-06-18
52,92,4,2030-01-25
55,13,5,2009-12-02
83,38,5,2060-02-15
81,12,3,2055-06-15
61,68,5,2003-04-25
3,30,6,2083-05-16
7,30,7,2065-04-29
18,17,7,2095-07-11
0,17,9,2071-10-09
69,64,9,2066-08-28
24,93,7,2026-09-04
78,19,3,2079-04-16
77,82,5,2033-06-20
69,41,4,2042-01-23
84,34,11,2013-05-07
16,1,3,2000-02-26
0,27,7,2094-08-27
7,12,4,2030-12-30
37,62,5,2061-06-19
76,67,3,2059-07-12
8,92,5,2086-05-19
18,75,7,2052-08-10
91,83,4,2010-09-04
62,16,5,2000-11-16
90,71,5,2083-02-04
66,68,4,2031-11-26
1,23,3,2067-05-03
97,15,6,2030-02-07
22,75,3,2044-12-25
15,18,1,2062-10-07
16,41,7,2084-01-03
64,89,13,2045-07-14
98,98,3,2041-09-16
29,68,9,2085-02-11
38,87,4,2085-10-06
98,75,4,2005-08-14
38,73,6,2036-12-25
34,69,7,2046-05-29
87,88,3,2083-11-26
93,71,1,2008-05-23
78,16,3,2085-07-19
60,43,3,2069-03-13
26,62,8,2005-12-11
64,49,0,2042-04-20
60,77,3,2094-02-15
70,53,6,2013-05-05
17,86,8,2062-02-21
3,88,1,2069-03-16
49,46,5,2066-01-27
80,47,4,2056-03-02
84,8,4,2086-10-26
3,98,2,2037-01-10
42,90,7,2068-05-28
48,39,3,2088-12-04
69,69,2,2068-05-09
68,21,6,2071-05-12
46,87,1,2043-04-10
79,44,4,2056-07-16
92,7,4,2009-08-30
97,43,5,2026-01-08
44,42,5,2031-12-11
94,22,2,2080-02-06
9,47,4,2016-01-02
19,14,8,2076-11-08
50,69,7,2062-09-29
16,83,9,2061-01-19
12,72,5,2074-02-17
29,64,9,2068-02-23
79,27,5,2077-01-24
32,93,3,2043-01-29
87,17,7,2005-09-09
33,78,4,2098-06-21
95,25,6,2056-07-04
66,49,8,2056-04-12
92,98,3,2076-09-09
89,42,7,2008-02-06
25,1,10,2051-05-05
98,51,8,2068-12-26
98,20,4,2053-08-16
38,20,3,2010-06-09
63,0,8,2031-01-13
31,23,5,2018-05-08
65,90,8,2034-01-05
63,24,5,2034-12-15
71,70,6,2051-12-18
98,56,10,2088-03-25
28,32,5,2097-02-28
7,65,3,2049-12-06
36,84,3,2099-05-29
57,71,3,2096-12-20
37,57,9,2090-07-17
34,84,4,2034-03-09
22,57,6,2044-07-21
56,12,7,2082-02-09
61,81,6,2089-09-29
20,48,3,2075-02-03
33,72,7,2012-01-11
13,34,7,2006-09-04
36,31,6,2097-02-12
94,5,5,2018-09-18
11,61,5,2055-09-04
85,29,4,2058-11-20
44,39,7,2083-06-01
76,44,6,2069-09-08
87,21,3,2001-07-27
12,1,3,2014-03-11
26,90,6,2078-05-15
25,49,6,2087-01-08
79,27,3,2089-07-03
93,46,6,2087-08-10
61,39,5,2060-02-06
95,79,6,2013-01-24
76,75,4,2035-07-27
63,26,2,2078-08-04
17,63,7,2071-01-17
1,19,2,2009-07-10
70,45,6,2083-11-01
12,26,10,2082-03-26
14,88,10,2003-01-02
92,20,11,2088-04-06
26,47,6,2017-12-22
57,38,6,2055-10-19
19,71,6,2003-07-03
17,30,8,2002-01-12
75,45,5,2014-08-19
63,41,9,2077-12-21
98,12,4,2065-07-20
32,64,4,2029-09-03
95,7,11,2030-07-29
96,12,7,2023-06-11
49,75,2,2017-08-17
91,10,6,2065-02-27
60,40,3,2056-11-26
15,37,3,2082-10-02
12,84,9,2011-07-05
35,9,2,2084-10-04
4,32,3,2013-05-05
50,54,8,2050-06-28
21,55,5,2015-10-27
69,35,0,2019-03-31
31,33,10,2099-07-08
40,44,8,2092-12-18
3,19,1,2082-08-13
66,96,5,2099-06-15
85,62,9,2060-07-13
78,48,5,2088-03-02
39,9,3,2005-10-21
93,90,1,2072-04-20
65,3,8,2083-11-08
63,72,3,2001-02-11
60,3,8,2083-01-09
28,96,4,2018-09-04
22,52,3,2034-02-18
93,73,4,2059-03-04
57,72,3,2062-12-23
14,53,3,2031-09-07
43,4,3,2093-01-24
73,3,6,2044-09-30
8,80,4,2002-06-28
36,94,2,2071-04-20
71,68,2,2003-06-14
33,68,6,2089-11-14
51,30,6,2013-10-21
46,64,4,2081-08-25
91,73,3,2061-10-25
13,37,3,2039-10-11
49,9,4,2048-11-30
48,13,3,2074-12-29
83,48,4,2077-02-27
72,67,5,2008-11-26
95,36,3,2068-03-06
68,81,3,2038-09-10
52,81,5,2042-08-24
97,0,3,2029-12-18
0,20,3,2099-11-22
8,90,6,2028-08-11
63,88,4,2097-07-28
49,56,7,2010-08-17
65,34,3,2091-11-22
58,42,6,2066-11-21
43,73,3,2087-03-12
54,12,5,2068-08-30
40,51,7,2030-12-09
46,62,3,2090-02-25
9,98,6,2058-07-23
69,77,5,2014-07-08
4,32,9,2066-01-13
98,98,8,2026-04-20
49,38,3,2089-08-18
74,63,4,2059-01-14
44,72,6,2067-06-13
52,80,5,2026-08-16
18,80,3,2084-12-06
84,65,3,2010-06-04
52,97,6,2002-03-18
0,93,5,2046-03-23
49,31,3,2076-08-26
8,76,2,2002-09-08
20,51,7,2070-02-06
20,13,5,2028-10-19
23,13,5,2047-12-19
22,66,3,2009-03-19
2,88,3,2021-01-04
38,89,3,2063-06-09
14,54,3,2054-11-20
94,88,3,2003-08-27
61,5,6,2074-12-29
19,39,4,2069-06-05
34,46,6,2064-09-07
86,26,6,2011-02-13
74,40,6,2016-07-09
97,64,4,2077-09-29
51,30,4,2065-11-14
51,53,5,2066-04-23
36,44,4,2092-03-09
70,24,3,2091-03-21
1,87,3,2043-12-30
24,52,5,2024-11-14
22,45,5,2043-02-13
38,58,6,2012-09-23
5,97,9,2054-07-28
95,78,4,2090-08-27
58,61,4,2038-05-05
8,40,4,2082-08-06
50,38,6,2058-06-18
85,64,4,2084-07-05
37,89,8,2050-02-17
95,22,3,2006-11-26
88,43,5,2023-04-15
83,96,3,2030-09-18
43,2,7,2060-05-23
66,82,4,2031-04-03
45,14,6,2089-10-09
61,77,5,2092-03-26
92,54,6,2060-09-28
61,43,7,2010-05-02
12,33,7,2056-09-23
22,69,4,2066-02-22
76,47,6,2094-02-27
81,11,3,2092-07-05
78,66,4,2068-03-10
65,95,4,2030-03-03
0,33,4,2015-12-31
3,40,6,2068-09-17
26,80,7,2070-04-18
57,99,7,2090-12-01
74,78,0,2043-11-28
5,79,7,2017-01-25
2,12,8,2077-01-31
52,46,6,2045-06-04
41,58,6,2048-07-21
67,29,3,2016-09-23
9,73,3,2080-05-28
1,49,6,2076-07-06
74,40,5,2015-11-03
88,33,6,2066-08-17
61,84,7,2005-08-09
79,46,4,2075-08-01
91,1,1,2000-06-08
71,6,6,2062-01-29
26,13,7,2002-07-29
57,69,7,2027-09-26
77,53,7,2060-01-12
17,66,6,2077-08-26
1,61,9,2047-12-14
77,36,3,2090-11-19
43,0,4,2076-04-24
36,99,3,2070-09-22
47,98,3,2034-10-20
63,53,7,2051-09-01
52,50,4,2069-12-08
32,92,2,2015-10-28
64,61,2,2056-02-18
82,25,2,2057-02-05
75,69,3,2071-03-11
32,10,9,2017-09-28
83,51,5,2046-09-17
49,93,8,2030-07-27
82,83,3,2074-04-05
67,29,5,2073-03-06
62,25,6,2046-12-09
55,17,5,2065-10-03
24,31,3,2061-11-15
0,59,8,2046-12-28
57,20,4,2009-08-23
69,97,4,2034-10-31
37,17,2,2057-02-28
97,88,6,2067-03-01
19,70,4,2050-07-09
74,22,2,2060-11-22
18,74,3,2097-12-24
26,78,6,2093-11-27
16,31,4,2031-11-23
13,3,3,2084-09-02
79,17,1,2022-08-19
72,36,6,2069-06-28
87,14,7,2047-09-16
40,86,4,2048-05-15
96,7,4,2016-09-30
24,87,2,2043-03-22
17,43,5,2056-08-13
77,61,3,2065-01-29
12,7,3,2071-12-01
86,82,3,2021-03-08
33,35,5,2067-12-04
47,71,3,2090-07-15
69,82,7,2052-06-29
2,97,4,2041-09-10
64,31,4,2093-06-16
53,7,8,2093-05-24
41,85,2,2099-05-06
84,57,6,2080-04-18
60,26,8,2045-01-03
5,23,6,2073-11-22
86,81,6,2063-01-12
38,30,9,2037-01-14
34,13,6,2064-12-25
83,55,7,2065-03-22
25,33,8,2060-01-05
87,30,3,2092-05-06
5,93,6,2018-08-31
45,97,4,2040-11-06
56,87,5,2047-07-10
98,96,4,2038-08-08
24,23,3,2007-04-24
61,45,3,2091-05-23
26,23,5,2000-12-04
94,23,7,2021-01-27
14,47,5,2051-11-29
40,31,5,2092-03-17
57,73,2,2079-02-05
27,9,6,2044-10-10
80,71,6,2059-01-21
35,96,9,2070-04-17
86,86,4,2026-09-08
21,44,2,2062-12-24
25,98,6,2066-07-06
9,4,2,2089-04-05
74,44,2,2069-11-06
72,20,4,2059-02-09
30,55,7,2038-10-07
39,27,2,2003-06-13
37,14,5,2040-02-06
46,33,7,2091-10-15
81,20,2,2097-03-09
83,59,5,2004-02-03
63,6,6,2071-06-30
8,9,2,2097-01-17
83,48,5,2019-01-26
20,53,7,2077-07-07
24,24,4,2003-02-06
97,57,5,2012-12-29
51,90,4,2073-09-09
56,86,3,2079-05-01
59,20,5,2051-07-12
80,65,6,2079-08-30
26,69,2,2013-11-25
70,83,3,2037-10-20
32,82,3,2074-05-13
73,96,4,2066-06-28
94,74,7,2045-08-29
21,0,7,2081-12-08
27,46,4,2040-11-10
27,71,5,2059-11-20
36,0,4,2012-12-24
12,84,5,2028-03-09
89,53,4,2095-07-31
17,6,1,2007-03-29
26,55,6,2016-10-27
50,85,4,2034-05-08
70,48,6,2075-07-25
31,23,2,2053-03-16
97,18,5,2048-12-15
87,32,9,2035-08-29
57,88,2,2095-01-09
96,21,4,2080-05-05
81,26,10,2036-06-11
30,92,7,2074-07-07
67,48,6,2083-12-23
13,51,8,2083-02-24
49,93,5,2028-11-27
31,0,3,2027-11-07
60,17,6,2040-11-09
54,17,3,2016-05-05
97,2,3,2016-10-11
28,61,3,2073-05-29
49,37,6,2059-02-22
98,53,3,2084-02-18
52,69,7,2006-02-18
49,90,6,2004-12-20
88,30,6,2018-03-28
77,56,3,2093-11-15
97,74,6,2083-02-22
4,11,9,2077-11-08
10,50,6,2078-05-22
72,86,6,2005-02-14
47,80,4,2040-06-27
9,98,6,2021-06-24
60,1,4,2071-07-16
45,35,3,2046-10-15
77,37,5,2008-10-12
51,70,5,2090-11-01
39,46,7,2018-01-11
5,37,1,2082-04-16
84,17,7,2095-12-18
47,6,2,2092-08-30
13,22,5,2097-11-14
67,82,6,2028-06-28
70,98,2,2006-06-10
77,56,6,2064-10-14
87,30,4,2046-06-25
20,42,5,2085-03-10
40,42,6,2056-10-18
68,64,5,2082-05-13
4,56,6,2080-05-22
14,97,7,2081-12-30
51,82,8,2002-04-19
15,78,6,2009-09-11
87,96,3,2033-09-09
38,38,6,2071-11-15
28,93,7,2011-01-03
15,57,9,2085-10-28
41,42,1,2083-05-21
53,55,6,2029-03-15
3,80,4,2097-11-25
74,21,8,2051-08-05
53,15,6,2066-12-10
21,83,9,2049-10-07
31,48,7,2048-08-31
58,66,8,2027-07-25
84,79,4,2064-05-13
83,89,8,2034-01-07
14,85,1,2040-11-01
22,40,4,2022-07-10
92,95,10,2029-11-13
17,51,3,2042-01-31
35,80,5,2096-11-22
81,42,6,2020-06-02
24,52,3,2061-12-13
5,68,4,2019-01-15
45,12,6,2076-07-21
45,49,3,2040-12-06
46,58,5,2057-06-12
19,35,6,2058-11-05
17,21,4,2098-09-23
84,78,1,2073-02-20
9,33,6,2000-02-14
1,45,2,2062-02-10
36,92,7,2014-04-29
69,83,2,2038-07-13
40,9,10,2065-12-19
44,66,4,2061-09-09
7,79,5,2002-07-27
93,61,9,2063-06-23
84,31,9,2056-12-24
16,59,7,2079-10-18
48,61,6,2033-11-11
78,49,4,2089-12-05
71,25,3,2002-10-09
8,94,7,2088-04-12
68,8,2,2031-10-09
87,94,9,2097-03-24
0,79,2,2073-02-05
31,90,5,2062-01-24
75,6,4,2010-07-06
67,84,3,2052-09-18
97,63,4,2069-10-10
28,99,4,2083-12-10
40,72,5,2034-09-02
77,9,3,2086-10-27
10,43,7,2003-10-01
64,18,6,2024-01-23
49,83,6,2085-10-30
0,40,6,2040-09-21
20,23,5,2023-12-25
20,24,5,2052-02-26
93,66,5,2028-04-18
83,62,5,2018-09-12
56,95,6,2046-09-28
78,51,9,1999-11-23
23,2,4,2070-08-04
91,87,7,2079-11-25
79,90,5,2079-05-01
32,35,5,2067-07-24
79,45,9,2067-10-12
80,82,2,2013-10-24
57,16,3,2059-10-30
91,17,6,2074-11-15
46,14,1,2064-07-03
62,2,3,2090-03-21
94,75,4,2085-10-31
43,96,7,2021-05-08
44,30,5,2082-06-14
28,88,5,2028-06-01
34,55,4,2017-08-14
64,37,9,2053-10-08
44,36,5,2021-09-11
10,53,3,2017-02-21
60,39,8,2091-04-26
57,48,3,2037-03-23
35,74,9,2079-01-19
89,52,6,2000-11-17
0,62,4,2007-06-12
96,20,4,2007-06-20
24,43,4,2019-01-27
30,86,2,2008-02-02
41,5,4,2084-06-28
11,13,8,2074-09-30
94,4,5,2093-06-27
65,56,5,2064-04-24
93,80,3,2018-04-03
52,59,5,2019-03-22
36,70,4,2029-03-04
38,23,6,2002-12-13
69,72,7,2094-10-01
1,45,7,2066-08-14
21,44,4,2096-02-03
76,65,6,2027-07-30
77,4,2,2071-04-01
70,89,9,2098-07-18
29,11,4,2061-11-06
47,19,7,2007-01-27
28,99,6,2040-04-11
84,79,5,2044-12-22
84,50,7,2014-02-05
88,71,4,2031-11-26
84,43,3,2021-09-03
95,72,5,2068-07-01
1,35,8,2048-09-28
94,72,4,2019-09-13
1,84,5,2024-11-27
78,95,4,2047-12-21
9,84,4,2093-05-05
1,18,5,2001-08-02
22,41,2,2068-10-12
83,20,5,2072-11-02
14,45,4,2026-10-05
80,75,2,2014-09-08
4,86,9,2005-04-12
69,7,4,2088-01-14
79,16,6,2082-10-29
64,45,6,2016-11-08
35,23,4,2026-09-12
65,74,7,2001-04-08
21,3,2,2015-05-16
74,69,2,2012-02-15
84,31,9,2040-01-27
78,98,7,2052-08-17
48,48,4,2045-06-16
67,94,7,2026-08-29
87,86,5,2059-11-19
75,73,5,2085-12-11
10,29,7,2065-04-14
90,31,4,2067-07-24
42,89,2,2087-04-10
94,82,4,2064-03-31
76,25,7,2023-05-18
55,63,5,2071-11-09
5,91,2,2069-02-02
58,40,7,2017-08-28
56,79,3,2098-04-03
69,24,1,2000-12-25
26,77,6,2081-04-25
61,57,11,2059-01-20
34,55,6,2093-09-05
12,1,8,2003-04-16
1,89,2,2076-06-26
64,15,5,2008-06-08
60,22,6,2038-09-30
25,22,8,2008-12-30
73,90,3,2095-02-08
17,22,3,2036-10-04
4,12,5,2062-10-18
44,83,4,2079-07-05
40,49,7,2065-05-24
18,19,7,2055-10-09
2,33,3,2079-03-11
40,68,4,2078-09-21
93,54,9,2027-11-03
87,42,2,2019-10-08
67,48,8,2077-04-10
96,10,9,2053-09-16
4,10,5,2005-07-25
1,41,1,2077-03-12
50,85,5,2008-05-12
78,28,7,2030-03-18
79,78,8,2016-07-07
27,60,4,2024-02-25
11,19,4,2075-02-27
29,39,5,2026-07-31
63,73,6,2090-08-05
64,39,2,2096-02-15
85,99,2,2036-02-06
15,66,6,2055-10-07
74,46,4,2007-06-01
93,81,2,2052-07-02
45,39,2,2060-01-29
16,26,5,2052-04-21
51,79,5,2031-10-19
97,37,9,2062-12-07
94,60,2,2000-04-18
13,99,6,2084-12-30
52,26,8,2060-09-06
9,85,5,2016-10-30
96,11,8,2077-10-31
8,99,6,2091-06-05
18,0,6,2029-03-03
20,45,2,2036-04-17
15,77,6,2099-08-22
33,8,7,2000-02-19
76,72,3,2066-11-05
31,77,0,2013-07-10
65,4,5,2015-10-22
69,71,2,2073-04-02
21,93,3,2076-06-17
76,49,0,2005-04-18
81,9,8,2039-12-22
16,37,3,2055-09-01
19,6,5,2069-11-03
12,95,9,2039-09-18
67,21,3,2020-01-29
14,59,4,2028-06-07
37,96,8,2058-01-27
67,15,5,2087-12-26
24,21,6,2093-09-30
58,9,5,2022-10-26
96,81,7,2086-04-20
46,81,6,2099-01-30
67,37,7,2041-03-26
64,95,4,2010-05-03
39,16,7,2050-10-24
63,25,5,2050-09-20
85,5,4,2070-09-20
81,8,7,2025-05-21
79,7,4,2009-06-16
99,15,5,2034-04-25
68,38,4,2085-07-12
71,44,3,2041-10-25
0,58,2,2017-08-29
90,58,3,2091-02-14
69,72,9,2076-02-22
7,67,5,1999-11-10
39,27,9,2075-12-25
99,19,3,2014-03-19
57,23,5,2074-10-10
74,53,7,2015-12-31
16,99,5,2038-03-10
66,25,1,2043-04-09
94,65,6,2041-10-03
48,51,7,2040-02-11
90,70,4,2015-10-19
53,15,6,2046-02-27
86,71,6,2055-10-11
30,31,4,2085-09-15
26,99,2,2050-06-11
28,29,6,2015-08-04
65,62,10,2005-10-09
65,22,1,2019-10-09
44,70,7,2034-01-23
29,48,1,2042-09-03
62,55,7,2050-06-02
4,94,8,2041-07-11
27,49,4,2046-09-04
61,2,5,2073-09-20
20,25,9,2092-02-29
90,37,5,2087-02-18
96,33,2,2022-09-02
49,72,6,2070-12-12
59,1,4,2018-03-05
60,10,6,2048-05-25
96,45,4,2022-07-18
38,74,7,2068-06-02
73,58,8,2038-06-14
95,30,5,2062-10-27
49,72,3,2045-12-27
85,11,5,2034-09-13
7,50,0,2091-12-13
55,79,3,2082-12-26
91,7,3,2016-09-08
58,27,5,2099-03-27
70,53,4,2061-11-20
12,65,4,2078-09-03
86,74,3,2016-11-21
55,89,5,2094-11-05
54,84,12,2054-08-20
69,1,5,2077-06-25
25,55,2,2091-10-07
68,91,4,2033-08-06
56,43,7,2033-10-05
95,83,2,2070-03-20
43,47,6,2024-09-28
1,62,5,2005-11-25
55,90,4,2048-06-29
7,8,9,2034-04-04
77,18,8,2088-04-05
30,2,3,2038-05-16
73,63,5,2095-04-08
37,96,3,2061-01-06
94,74,12,2036-02-28
3,85,7,2015-12-07
85,34,3,2064-12-07
66,72,8,2012-02-15
28,91,3,2043-03-02
72,46,3,2083-03-18
18,80,3,2025-04-24
39,77,6,2090-02-27
13,23,3,2097-08-19
69,46,1,2094-11-09
73,22,5,2092-05-24
23,19,4,2029-10-04
11,92,4,2049-04-20
39,50,2,2011-09-28
80,82,2,2067-11-17
21,90,5,2004-06-15
68,8,2,2001-12-09
88,12,2,2038-03-20
74,32,4,2007-10-20
69,15,7,2017-08-19
15,87,4,2099-05-12
38,44,5,2043-11-01
92,25,4,2023-07-27
61,67,6,2054-06-22
62,96,7,2055-09-23
83,64,1,2055-07-23
73,22,5,2051-03-16
45,88,4,2021-04-27
42,61,5,2005-11-05
89,98,3,2098-08-05
64,5,7,2048-09-20
42,31,4,2017-12-19
55,64,5,2042-12-18
28,95,1,2076-07-22
65,9,7,2084-11-18
49,92,4,2082-11-15
80,22,7,2066-03-07
16,32,6,2040-11-03
25,9,3,2072-05-07
75,24,7,2068-06-06
85,40,4,2024-07-25
32,13,5,2022-02-10
77,17,3,2000-06-20
95,64,8,2053-12-22
19,91,8,2010-03-07
99,36,3,2067-05-24
90,67,4,2073-11-18
35,77,8,2071-11-06
48,69,5,2034-03-19
11,36,5,2092-01-01
86,61,7,2007-08-27
65,9,4,2084-03-16
66,39,7,2032-01-31
22,51,5,2059-03-09
22,85,5,2010-11-18
9,42,2,2052-08-23
9,17,5,2051-02-15
39,66,2,2025-10-27
72,86,5,2060-04-22
71,43,4,2020-04-26
76,27,8,2088-01-08
0,51,5,2015-02-22
84,47,4,2038-11-20
75,89,3,2078-11-16
40,35,4,2020-09-18
30,8,4,2079-04-06
12,34,6,2052-09-07
92,9,10,2096-02-15
41,42,5,2086-07-19
73,21,7,2066-03-03
65,76,4,2045-08-18
64,38,4,2028-01-28
49,32,6,2001-01-19
89,28,6,2097-09-16
55,79,0,2065-06-07
51,96,4,2093-08-17
13,17,5,2009-09-16
49,54,8,2084-09-30
53,39,4,2032-06-06
97,75,2,2083-06-20
64,59,8,2047-09-27
82,69,4,2003-09-30
65,7,4,2076-03-25
49,56,2,2050-03-16
34,87,3,2020-05-21
65,61,10,2053-08-13
84,72,4,2078-08-22
59,35,4,2035-04-05
37,43,7,2058-06-17
96,29,9,2080-02-01
36,99,11,2064-06-11
83,97,7,2022-08-16
4,80,6,2005-12-14
71,9,4,2033-03-28
5,49,7,2026-08-22
67,13,6,2091-01-16
57,55,7,2006-04-20
82,28,3,2029-03-17
82,79,5,2053-04-04
28,16,6,2079-09-18
60,17,10,2034-07-05
92,3,4,2033-01-04
26,46,5,2007-08-24
29,10,6,2070-01-23
70,91,2,2015-06-16
38,84,6,2008-01-18
70,95,6,2016-12-30
97,74,5,2071-09-11
29,27,1,2050-03-28
42,32,5,2073-05-13
95,87,7,2099-05-18
90,90,8,2043-11-07
57,94,5,2006-12-15
36,27,2,2016-04-19
80,45,2,2064-08-14
20,34,5,2059-10-26
29,11,6,2037-06-14
95,18,3,2083-11-15
10,64,5,2091-05-28
8,67,4,2041-07-25
6,70,3,2083-11-19
72,68,3,2086-09-17
15,5,5,2005-02-14
65,58,4,2067-03-01
16,49,5,2053-06-11
20,18,2,2008-05-27
68,26,6,2066-07-13
89,26,3,2022-06-08
58,2,6,2053-05-15
98,71,2,2074-08-31
19,5,7,2009-09-05
75,62,6,2058-09-05
5,47,5,2078-11-19
45,33,5,2037-04-15
37,61,2,2088-05-29
59,2,2,2031-08-08
66,42,4,2039-05-05
49,92,6,2085-05-05
85,83,3,2046-02-11
75,67,4,2061-08-02
13,71,6,2050-08-23
81,47,3,2064-07-21
59,68,3,2013-12-02
57,9,4,2061-01-30
45,3,8,2034-11-17
66,96,7,2061-10-21
1,35,8,2075-09-13
49,22,4,2060-12-08
80,9,6,2085-02-21
37,44,5,2078-06-21
68,85,10,2038-01-20
87,90,5,2060-08-22
45,36,5,2078-06-18
42,0,4,2007-06-29
80,39,4,2054-04-26
2,91,6,2017-06-17
94,95,4,2009-05-03
82,51,9,2012-09-21
49,81,5,2095-02-07
56,11,7,2019-05-17
42,14,3,2013-08-16
56,63,6,2040-06-18
8,90,5,2011-01-12
60,67,9,2020-05-31
84,4,7,2069-07-22
69,93,5,2041-08-07
2,29,8,2019-06-27
26,69,9,2006-01-26
75,77,12,2001-05-10
67,99,5,2073-09-25
2,10,3,2095-11-05
63,80,7,2009-09-28
72,27,8,2062-03-10
41,9,5,2043-01-15
63,33,3,2030-07-30
2,87,4,2066-12-07
46,48,5,2006-09-01
62,89,4,2021-10-27
52,11,6,2060-04-07
30,70,4,2025-06-03
5,34,3,2071-07-19
99,70,2,2006-08-15
53,1,7,2047-05-06
76,0,7,2096-07-28
33,31,6,2018-11-03
53,16,8,2009-09-24
34,68,4,2072-12-05
18,10,7,2072-10-11
24,95,7,2069-07-02
8,74,4,2086-01-12
9,93,4,2077-03-04
37,6,5,2054-04-15
31,17,4,2088-09-28
13,15,4,2064-12-08
94,75,5,2020-05-23
37,15,7,2091-03-12
69,19,5,2005-12-08
73,78,8,2037-12-18
36,16,4,2004-12-18
87,57,4,2093-06-22
41,1,5,2052-03-29
77,75,2,2090-02-06
74,58,4,2050-08-18
42,99,5,2073-09-01
25,76,7,2091-03-31
65,65,5,2022-03-05
4,0,3,2007-02-07
3,82,7,2014-10-23
14,98,3,2025-10-02
52,97,3,2074-08-26
55,56,4,2021-01-09
17,61,7,2037-06-20
63,53,4,2051-12-08
43,83,7,2019-11-26
58,3,5,2052-11-19
29,59,7,2002-06-24
85,10,4,2041-10-24
84,16,4,2015-12-15
92,48,6,2084-06-18
71,79,6,2025-08-30
11,87,3,2073-09-02
43,55,3,2052-03-26
82,52,1,2004-06-30
29,13,6,2077-04-13
20,14,4,2084-01-27
94,90,3,2056-05-11
38,74,5,2085-07-23
70,17,4,2091-04-11
9,29,6,2017-05-12
21,56,4,2053-12-13
53,93,4,2063-08-13
3,42,5,2079-06-18
69,97,9,2073-07-24
40,30,8,2084-03-30
72,28,5,2018-04-04
16,92,4,2078-03-01
2,48,6,2019-10-20
98,63,5,2031-05-06
12,12,0,2006-08-09
43,27,5,2088-12-12
5,37,5,2079-05-03
62,66,5,2067-04-23
6,1,7,2032-02-29
42,65,8,2082-07-30
88,52,11,2070-04-25
96,20,2,2069-06-02
17,79,3,2020-07-20
73,56,5,2058-02-23
66,29,3,2057-06-19
27,90,0,2054-08-23
37,67,3,2093-09-28
93,2,1,2058-01-25
65,99,1,2098-12-26
24,79,5,2024-02-01
33,24,5,2070-01-24
87,35,4,2024-03-26
65,83,6,2057-07-06
14,6,5,2029-06-14
37,33,4,2026-02-01
72,96,8,2067-05-18
47,96,3,2016-07-10
60,67,4,2004-04-04
72,91,3,2011-09-14
80,24,3,2086-11-20
84,22,9,2006-06-29
85,17,3,2050-12-31
19,30,3,2022-07-25
61,65,4,2020-11-23
99,49,9,2040-11-08
27,91,4,2078-12-15
33,85,3,2053-02-10
17,5,4,2045-06-26
73,45,7,2056-02-07
64,49,10,2093-11-26
40,29,5,2027-01-23
51,48,3,2094-12-30
97,21,6,2076-05-22
60,33,5,2043-06-02
74,48,9,2061-04-01
49,47,4,2087-01-02
55,77,3,2079-07-09
3,7,3,2052-08-11
24,12,3,2054-05-23
67,22,4,2064-09-17
76,21,7,2026-06-20
73,70,6,2023-04-17
72,90,5,2011-09-24
4,57,2,2084-02-18
85,88,5,2074-02-01
43,54,9,2014-11-16
28,92,7,2076-09-17
98,58,2,2017-07-20
54,17,4,2020-10-20
36,94,9,2097-10-21
40,66,12,2015-03-23
84,39,4,2095-05-31
13,75,8,2041-03-04
62,30,7,2068-03-13
89,58,2,2004-09-05
14,68,7,2052-04-19
83,74,7,2028-06-20
61,40,6,2018-12-06
84,33,1,2059-08-01
38,53,3,2069-02-22
84,15,4,2077-03-08
28,9,4,2040-02-08
87,92,3,2030-12-05
13,79,2,2020-10-25
40,86,6,2034-05-13
63,26,3,2029-12-20
90,98,4,2065-04-02
49,17,3,2018-05-27
66,38,5,2051-03-20
13,21,4,2030-06-17
81,0,4,2077-03-17
43,43,8,2025-12-14
13,39,6,2002-08-16
98,63,5,2088-10-01
31,64,6,2026-04-03
57,67,3,2020-01-11
67,13,4,2042-09-27
55,69,9,2066-04-08
68,91,6,2067-11-15
76,30,5,2019-11-16
24,82,5,2082-09-17
6,84,7,2079-01-30
30,33,4,2079-11-18
45,50,8,2097-03-01
74,42,7,2087-06-04
59,82,7,2049-04-04
78,82,7,2021-05-03
48,14,1,2047-06-26
2,47,4,2037-06-19
71,98,5,2069-06-22
8,57,10,2000-12-29
26,29,7,2063-12-02
94,30,4,2049-07-17
26,31,8,2059-01-11
26,23,5,2049-10-04
77,92,5,2035-07-10
55,74,4,2033-06-01
59,55,5,2031-11-13
1,27,3,2009-02-28
47,44,1,2055-05-20
13,38,6,2006-04-18
38,86,3,2071-05-05
0,47,7,2005-11-06
73,14,5,2068-02-06
17,83,2,2056-06-20
92,36,6,2078-02-20
64,11,7,2078-08-09
13,8,1,2022-11-26
85,26,7,2061-12-23
55,26,4,2001-03-01
7,50,6,2006-08-03
97,80,1,2044-11-18
24,56,10,2058-07-27
65,88,4,2023-07-16
84,39,1,2050-03-17
68,74,9,2066-04-26
25,77,3,2065-11-05
4,84,5,2083-12-06
36,47,2,2079-08-20
28,85,4,2085-04-18
42,71,6,2015-09-17
8,48,4,2015-07-17
0,89,5,2005-02-14
22,90,3,2088-07-31
8,18,4,2074-08-02
22,43,6,1999-07-15
38,64,5,2051-04-09
36,26,5,2088-09-20
28,92,8,2047-05-28
48,9,5,2070-04-22
84,18,2,2047-03-20
30,66,0,2055-03-12
48,60,5,2027-07-02
24,51,7,2095-01-10
56,85,4,2065-05-04
25,14,6,2044-06-20
17,41,6,2085-05-12
91,71,4,2015-06-07
73,4,3,2077-12-13
77,1,2,2033-01-19
13,48,5,2007-03-11
23,12,7,2008-07-04
45,2,4,2029-10-08
53,38,3,2010-08-28
5,90,7,2074-03-28
99,28,4,2093-04-14
90,41,5,2089-08-31
25,77,4,2064-11-30
65,64,7,2004-03-03
21,47,5,2027-11-04
71,28,6,2083-02-16
16,96,3,2062-03-01
78,43,4,2059-08-13
81,30,7,2046-07-20
4,52,2,2069-05-14
95,3,6,2028-12-25
32,37,5,2064-11-30
88,27,5,2097-02-12
16,43,6,2017-04-10
61,71,3,2038-09-29
17,93,2,2017-02-03
34,47,4,2083-04-19
69,78,3,2021-05-08
96,27,3,2083-02-02
91,38,5,2014-05-14
83,42,4,2064-02-26
97,95,5,2021-12-20
56,91,5,2073-01-05
93,39,6,2080-07-01
9,67,3,2025-05-27
61,96,5,2033-01-21
23,36,2,2096-05-15
61,40,2,2076-11-20
12,61,7,2052-09-06
